Speaker,Sound,Word,set,burst,closure,vowel,phon_ctxt_stress,phon_pre_nasal,phon_post_nasal,syllable,Item.Word
E1,/d/,bad,1,0.058,0.038,0.259,yes,no,no,1,bad
E1,/d/,bad,2,0.161,0.039,0.266,yes,no,no,1,bad
E1,/d/,bad,3,0.124,0.039,0.241,yes,no,no,1,bad
E1,/d/,bed,1,0.071,0.017,0.18,yes,no,no,1,bed
E1,/d/,bed,2,0.186,0.009,0.171,yes,no,no,1,bed
E1,/d/,bed,3,0.164,0.024,0.181,yes,no,no,1,bed
E1,/d/,bud,1,0.042,0.03,0.153,yes,no,no,1,bud
E1,/d/,bud,2,0.115,0.02,0.204,yes,no,no,1,bud
E1,/d/,bud,3,0.137,0.028,0.15,yes,no,no,1,bud
E1,/t/,but,1,0.13,0.082,0.116,yes,no,no,1,but
E1,/t/,but,2,0.107,0.084,0.134,yes,no,no,1,but
E1,/t/,but,3,0.126,0.091,0.134,yes,no,no,1,but
E1,/d/,cooed,1,0.082,0.028,0.175,yes,no,no,1,cooed
E1,/d/,cooed,2,0.152,0.026,0.2,yes,no,no,1,cooed
E1,/d/,cooed,3,0.073,0.033,0.182,yes,no,no,1,cooed
E1,/t/,cut,1,0.127,0.11,0.111,yes,no,no,1,cut
E1,/t/,cut,2,0.176,0.082,0.118,yes,no,no,1,cut
E1,/t/,cut,3,0.118,0.085,0.116,yes,no,no,1,cut
E1,/d/,feed,1,0.104,0.03,0.184,yes,no,no,1,feed
E1,/d/,feed,2,0.102,0.019,0.184,yes,no,no,1,feed
E1,/d/,feed,3,0.114,0.017,0.194,yes,no,no,1,feed
E1,/t/,feet,1,0.125,0.081,0.134,yes,no,no,1,feet
E1,/t/,feet,2,0.101,0.071,0.143,yes,no,no,1,feet
E1,/t/,feet,3,0.108,0.073,0.126,yes,no,no,1,feet
E1,/d/,find,1,0.054,0.026,0.266,yes,yes,no,1,find
E1,/d/,find,2,0.152,0.049,0.265,yes,yes,no,1,find
E1,/d/,find,3,0.068,0.014,0.244,yes,yes,no,1,find
E1,/d/,fond,1,0.073,0.021,0.239,yes,yes,no,1,fond
E1,/d/,fond,2,0.128,0.03,0.294,yes,yes,no,1,fond
E1,/d/,fond,3,0.111,0.022,0.255,yes,yes,no,1,fond
E1,/d/,gild,1,0.152,0.07,0.207,yes,yes,no,1,gild
E1,/d/,gild,2,0.119,0.062,0.207,yes,yes,no,1,gild
E1,/d/,gild,3,0.133,0.067,0.193,yes,yes,no,1,gild
E1,/d/,god,1,0.107,0.005,0.22,yes,no,no,1,god
E1,/d/,god,2,0.126,0.02,0.197,yes,no,no,1,god
E1,/d/,god,3,0.123,0.017,0.193,yes,no,no,1,god
E1,/d/,good,1,0.104,0.038,0.148,yes,no,no,1,good
E1,/d/,good,2,0.131,0.038,0.154,yes,no,no,1,good
E1,/d/,good,3,0.146,0.022,0.154,yes,no,no,1,good
E1,/t/,got,1,0.084,0.088,0.144,yes,no,no,1,got
E1,/t/,got,2,0.094,0.096,0.153,yes,no,no,1,got
E1,/t/,got,3,0.143,0.114,0.149,yes,no,no,1,got
E1,/d/,killed,1,0.069,0.052,0.176,yes,yes,no,1,killed
E1,/d/,killed,2,0.167,0.056,0.176,yes,yes,no,1,killed
E1,/d/,killed,3,0.137,0.035,0.206,yes,yes,no,1,killed
E1,/d/,lad,1,0.078,0.024,0.182,yes,no,yes,1,lad
E1,/d/,lad,2,0.169,0.014,0.126,yes,no,yes,1,lad
E1,/d/,lad,3,0.079,0.094,0.137,yes,no,yes,1,lad
E1,/t/,late,1,0.146,0.078,0.081,yes,no,yes,1,late
E1,/t/,neat,1,0.163,0.068,0.131,yes,no,yes,1,neat
E1,/t/,neat,2,0.154,0.088,0.152,yes,no,yes,1,neat
E1,/d/,need,1,0.053,0.043,0.179,yes,no,yes,1,need
E1,/d/,need,2,0.097,0.05,0.193,yes,no,yes,1,need
E1,/d/,need,3,0.097,0.027,0.19,yes,no,yes,1,need
E1,/t/,night,1,0.17,0.076,0.112,yes,no,yes,1,night
E1,/t/,night,2,0.161,0.078,0.145,yes,no,yes,1,night
E1,/t/,night,3,0.13,0.104,0.148,yes,no,yes,1,night
E1,/t/,not,1,0.098,0.146,0.092,yes,no,yes,1,not
E1,/t/,not,2,0.108,0.15,0.104,yes,no,yes,1,not
E1,/t/,not,3,0.126,0.152,0.156,yes,no,yes,1,not
E1,/t/,pat,1,0.023,0.078,0.129,yes,no,no,1,pat
E1,/t/,pat,2,0.136,0.121,0.133,yes,no,no,1,pat
E1,/t/,pat,3,0.113,0.105,0.125,yes,no,no,1,pat
E1,/t/,pet,1,0.115,0.053,0.124,yes,no,no,1,pet
E1,/t/,pet,2,0.116,0.124,0.123,yes,no,no,1,pet
E1,/t/,pet,3,0.101,0.104,0.131,yes,no,no,1,pet
E1,/d/,pond,1,0.042,0.02,0.217,yes,yes,no,1,pond
E1,/d/,pond,2,0.093,0.016,0.241,yes,yes,no,1,pond
E1,/d/,pond,3,0.116,0.017,0.236,yes,yes,no,1,pond
E1,/t/,pot,1,0.106,0.115,0.13,yes,no,no,1,pot
E1,/t/,pot,2,0.131,0.099,0.146,yes,no,no,1,pot
E1,/t/,pot,3,0.128,0.105,0.144,yes,no,no,1,pot
E1,/d/,pound,1,0.073,0.043,0.24,yes,yes,no,1,pound
E1,/d/,pound,2,0.091,0.038,0.248,yes,yes,no,1,pound
E1,/d/,pound,3,0.087,0.018,0.196,yes,yes,no,1,pound
E1,/t/,pout,1,0.135,0.077,0.133,yes,no,no,1,pout
E1,/t/,pout,2,0.138,0.075,0.111,yes,no,no,1,pout
E1,/t/,pout,3,0.123,0.081,0.131,yes,no,no,1,pout
E1,/t/,put,1,0.104,0.111,0.095,yes,no,no,1,put
E1,/t/,put,2,0.101,0.119,0.082,yes,no,no,1,put
E1,/t/,put,3,0.121,0.098,0.099,yes,no,no,1,put
E1,/d/,ride,1,0.043,0.025,0.164,yes,no,yes,1,ride
E1,/d/,ride,2,0.098,0.036,0.102,yes,no,yes,1,ride
E1,/d/,ride,3,0.086,0.043,0.103,yes,no,yes,1,ride
E1,/d/,rode,1,0.123,0.014,0.142,yes,no,yes,1,rode
E1,/d/,rode,2,0.105,0.031,0.138,yes,no,yes,1,rode
E1,/d/,rode,3,0.084,0.05,0.139,yes,no,yes,1,rode
E1,/d/,sad,1,0.044,0.027,0.195,yes,no,no,1,sad
E1,/d/,sad,2,0.143,0.022,0.246,yes,no,no,1,sad
E1,/d/,sad,3,0.088,0.033,0.22,yes,no,no,1,sad
E1,/d/,said,1,0.055,0.025,0.159,yes,no,no,1,said
E1,/d/,said,2,0.11,0.022,0.153,yes,no,no,1,said
E1,/t/,shout,1,0.025,0.079,0.156,yes,no,no,1,shout
E1,/t/,shout,2,0.111,0.086,0.151,yes,no,no,1,shout
E1,/t/,shout,3,0.111,0.063,0.144,yes,no,no,1,shout
E1,/t/,silt,1,0.113,0.106,0.093,yes,yes,no,1,silt
E1,/t/,silt,2,0.178,0.065,0.106,yes,yes,no,1,silt
E1,/t/,silt,3,0.071,0.085,0.114,yes,yes,no,1,silt
E1,/d/,slide,1,0.066,0.015,0.174,yes,no,no,1,slide
E1,/t/,soot,1,0.02,0.096,0.088,yes,no,no,1,soot
E1,/t/,soot,2,0.118,0.098,0.088,yes,no,no,1,soot
E1,/t/,soot,3,0.122,0.095,0.097,yes,no,no,1,soot
E1,/t/,vet,1,0.119,0.106,0.086,yes,no,no,1,vet
E1,/t/,vet,2,0.117,0.118,0.107,yes,no,no,1,vet
E1,/t/,vet,3,0.169,0.108,0.112,yes,no,no,1,vet
E1,/t/,wait,1,0.103,0.072,0.087,yes,no,no,1,wait
E1,/t/,wait,2,0.101,0.087,0.081,yes,no,no,1,wait
E1,/t/,wait,3,0.09,0.083,0.097,yes,no,no,1,wait
E1,/t/,white,1,0.126,0.091,0.084,yes,no,no,1,white
E1,/t/,white,2,0.191,0.089,0.069,yes,no,no,1,white
E1,/t/,white,3,0.167,0.1,0.063,yes,no,no,1,white
E10,/d/,bad,1,0.092,0.038,0.322,yes,no,no,1,bad
E10,/d/,bad,2,0.069,0.052,0.355,yes,no,no,1,bad
E10,/d/,bad,3,0.099,0.038,0.306,yes,no,no,1,bad
E10,/d/,bed,1,0.094,0.051,0.188,yes,no,no,1,bed
E10,/d/,bed,2,0.116,0.059,0.177,yes,no,no,1,bed
E10,/d/,bed,3,0.115,0.058,0.174,yes,no,no,1,bed
E10,/d/,bud,1,0.098,0.043,0.194,yes,no,no,1,bud
E10,/d/,bud,2,0.107,0.036,0.208,yes,no,no,1,bud
E10,/d/,bud,3,0.083,0.033,0.2,yes,no,no,1,bud
E10,/d/,cooed,1,0.078,0.04,0.291,yes,no,no,1,cooed
E10,/d/,cooed,2,0.111,0.046,0.304,yes,no,no,1,cooed
E10,/d/,cooed,3,0.116,0.038,0.29,yes,no,no,1,cooed
E10,/t/,cut,1,0.147,0.118,0.131,yes,no,no,1,cut
E10,/t/,cut,2,0.165,0.142,0.159,yes,no,no,1,cut
E10,/t/,cut,3,0.192,0.114,0.152,yes,no,no,1,cut
E10,/d/,feed,1,0.106,0.034,0.241,yes,no,no,1,feed
E10,/d/,feed,2,0.129,0.041,0.239,yes,no,no,1,feed
E10,/d/,feed,3,0.1,0.032,0.23,yes,no,no,1,feed
E10,/t/,feet,1,0.125,0.125,0.12,yes,no,no,1,feet
E10,/t/,feet,2,0.144,0.12,0.127,yes,no,no,1,feet
E10,/t/,feet,3,0.087,0.106,0.134,yes,no,no,1,feet
E10,/d/,gild,1,0.114,0.076,0.326,yes,yes,no,1,gild
E10,/d/,gild,2,0.127,0.043,0.346,yes,yes,no,1,gild
E10,/d/,god,1,0.088,0.047,0.274,yes,no,no,1,god
E10,/d/,god,2,0.087,0.034,0.303,yes,no,no,1,god
E10,/d/,god,3,0.09,0.023,0.282,yes,no,no,1,god
E10,/d/,good,1,0.116,0.045,0.18,yes,no,no,1,good
E10,/d/,good,2,0.136,0.062,0.191,yes,no,no,1,good
E10,/d/,good,3,0.123,0.07,0.172,yes,no,no,1,good
E10,/t/,got,1,0.095,0.117,0.208,yes,no,no,1,got
E10,/t/,got,2,0.088,0.111,0.229,yes,no,no,1,got
E10,/t/,got,3,0.095,0.138,0.222,yes,no,no,1,got
E10,/d/,killed,1,0.119,0.023,0.225,yes,yes,no,1,killed
E10,/d/,killed,2,0.11,0.024,0.214,yes,yes,no,1,killed
E10,/d/,killed,3,0.101,0.036,0.247,yes,yes,no,1,killed
E10,/d/,lad,1,0.068,0.044,0.265,yes,no,yes,1,lad
E10,/d/,lad,2,0.088,0.05,0.25,yes,no,yes,1,lad
E10,/d/,lad,3,0.09,0.054,0.216,yes,no,yes,1,lad
E10,/t/,late,1,0.178,0.121,0.173,yes,no,yes,1,late
E10,/t/,late,2,0.137,0.121,0.149,yes,no,yes,1,late
E10,/t/,late,3,0.132,0.123,0.139,yes,no,yes,1,late
E10,/t/,neat,1,0.086,0.125,0.132,yes,no,yes,1,neat
E10,/t/,neat,2,0.089,0.126,0.14,yes,no,yes,1,neat
E10,/t/,neat,3,0.083,0.119,0.128,yes,no,yes,1,neat
E10,/d/,need,1,0.089,0.037,0.226,yes,no,yes,1,need
E10,/d/,need,2,0.095,0.044,0.235,yes,no,yes,1,need
E10,/d/,need,3,0.104,0.029,0.209,yes,no,yes,1,need
E10,/t/,night,1,0.084,0.106,0.204,yes,no,yes,1,night
E10,/t/,night,2,0.146,0.122,0.209,yes,no,yes,1,night
E10,/t/,night,3,0.133,0.135,0.223,yes,no,yes,1,night
E10,/t/,not,1,0.093,0.14,0.195,yes,no,yes,1,not
E10,/t/,not,2,0.086,0.107,0.216,yes,no,yes,1,not
E10,/t/,not,3,0.076,0.123,0.215,yes,no,yes,1,not
E10,/t/,pat,1,0.116,0.124,0.191,yes,no,no,1,pat
E10,/t/,pat,2,0.105,0.159,0.232,yes,no,no,1,pat
E10,/t/,pat,3,0.11,0.196,0.121,yes,no,no,1,pat
E10,/t/,pet,1,0.188,0.161,0.12,yes,no,no,1,pet
E10,/t/,pet,2,0.158,0.197,0.135,yes,no,no,1,pet
E10,/t/,pet,3,0.197,0.161,0.088,yes,no,no,1,pet
E10,/t/,pot,1,0.133,0.155,0.173,yes,no,no,1,pot
E10,/t/,pot,2,0.112,0.149,0.161,yes,no,no,1,pot
E10,/t/,pot,3,0.176,0.122,0.155,yes,no,no,1,pot
E10,/t/,pout,1,0.19,0.113,0.208,yes,no,no,1,pout
E10,/t/,pout,2,0.138,0.146,0.163,yes,no,no,1,pout
E10,/t/,pout,3,0.118,0.096,0.19,yes,no,no,1,pout
E10,/t/,put,1,0.133,0.173,0.127,yes,no,no,1,put
E10,/t/,put,2,0.12,0.143,0.116,yes,no,no,1,put
E10,/t/,put,3,0.116,0.169,0.091,yes,no,no,1,put
E10,/d/,ride,1,0.055,0.052,0.294,yes,no,yes,1,ride
E10,/d/,ride,2,0.12,0.043,0.281,yes,no,yes,1,ride
E10,/d/,ride,3,0.133,0.056,0.217,yes,no,yes,1,ride
E10,/d/,rod,1,0.1,0.038,0.3,yes,no,yes,1,rod
E10,/d/,rod,2,0.144,0.063,0.227,yes,no,yes,1,rod
E10,/d/,rod,3,0.102,0.042,0.211,yes,no,yes,1,rod
E10,/d/,rode,1,0.199,0.026,0.265,yes,no,yes,1,rode
E10,/d/,rode,2,0.2,0.042,0.223,yes,no,yes,1,rode
E10,/d/,rode,3,0.16,0.041,0.203,yes,no,yes,1,rode
E10,/d/,sad,1,0.103,0.042,0.294,yes,no,no,1,sad
E10,/d/,sad,2,0.069,0.048,0.323,yes,no,no,1,sad
E10,/d/,sad,3,0.106,0.034,0.302,yes,no,no,1,sad
E10,/d/,said,1,0.058,0.051,0.184,yes,no,no,1,said
E10,/d/,said,2,0.108,0.059,0.198,yes,no,no,1,said
E10,/d/,said,3,0.082,0.059,0.154,yes,no,no,1,said
E10,/t/,shot,1,0.091,0.162,0.171,yes,no,no,1,shot
E10,/t/,shot,2,0.105,0.124,0.185,yes,no,no,1,shot
E10,/t/,shot,3,0.076,0.116,0.19,yes,no,no,1,shot
E10,/t/,shout,1,0.136,0.129,0.246,yes,no,no,1,shout
E10,/t/,shout,2,0.142,0.097,0.249,yes,no,no,1,shout
E10,/t/,shout,3,0.114,0.103,0.196,yes,no,no,1,shout
E10,/t/,silt,1,0.122,0.161,0.13,yes,yes,no,1,silt
E10,/t/,silt,2,0.117,0.151,0.135,yes,yes,no,1,silt
E10,/t/,silt,3,0.101,0.123,0.153,yes,yes,no,1,silt
E10,/t/,sit,1,0.114,0.131,0.122,yes,no,no,1,sit
E10,/t/,sit,2,0.111,0.139,0.108,yes,no,no,1,sit
E10,/t/,sit,3,0.072,0.132,0.077,yes,no,no,1,sit
E10,/d/,slide,1,0.07,0.046,0.278,yes,no,no,1,slide
E10,/d/,slide,2,0.116,0.032,0.254,yes,no,no,1,slide
E10,/d/,slide,3,0.094,0.032,0.237,yes,no,no,1,slide
E10,/t/,soot,1,0.107,0.128,0.118,yes,no,no,1,soot
E10,/t/,soot,2,0.099,0.116,0.155,yes,no,no,1,soot
E10,/t/,soot,3,0.087,0.122,0.131,yes,no,no,1,soot
E10,/t/,vet,1,0.097,0.101,0.168,yes,no,no,1,vet
E10,/t/,vet,2,0.104,0.115,0.2,yes,no,no,1,vet
E10,/t/,vet,3,0.092,0.147,0.145,yes,no,no,1,vet
E10,/t/,wait,1,0.08,0.167,0.127,yes,no,no,1,wait
E10,/t/,wait,2,0.088,0.187,0.095,yes,no,no,1,wait
E10,/t/,wait,3,0.084,0.168,0.127,yes,no,no,1,wait
E10,/t/,white,1,0.11,0.158,0.127,yes,no,no,1,white
E10,/t/,white,2,0.09,0.125,0.096,yes,no,no,1,white
E10,/t/,white,3,0.115,0.143,0.091,yes,no,no,1,white
E11,/d/,bad,1,0.115,0.089,0.311,yes,no,no,1,bad
E11,/d/,bad,2,0.14,0.089,0.344,yes,no,no,1,bad
E11,/d/,bad,3,0.185,0.081,0.335,yes,no,no,1,bad
E11,/d/,bed,1,0.177,0.096,0.205,yes,no,no,1,bed
E11,/d/,bed,2,0.143,0.102,0.213,yes,no,no,1,bed
E11,/d/,bed,3,0.113,0.108,0.205,yes,no,no,1,bed
E11,/d/,bud,1,0.184,0.109,0.201,yes,no,no,1,bud
E11,/d/,bud,2,0.105,0.144,0.239,yes,no,no,1,bud
E11,/d/,bud,3,0.106,0.111,0.251,yes,no,no,1,bud
E11,/t/,but,1,0.247,0.172,0.137,yes,no,no,1,but
E11,/t/,but,2,0.206,0.173,0.163,yes,no,no,1,but
E11,/t/,but,3,0.19,0.125,0.173,yes,no,no,1,but
E11,/d/,cooed,1,0.149,0.064,0.242,yes,no,no,1,cooed
E11,/d/,cooed,2,0.154,0.085,0.25,yes,no,no,1,cooed
E11,/d/,cooed,3,0.142,0.074,0.265,yes,no,no,1,cooed
E11,/t/,cut,1,0.179,0.132,0.117,yes,no,no,1,cut
E11,/t/,cut,2,0.187,0.129,0.157,yes,no,no,1,cut
E11,/t/,cut,3,0.157,0.134,0.13,yes,no,no,1,cut
E11,/d/,feed,1,0.103,0.077,0.321,yes,no,no,1,feed
E11,/d/,feed,2,0.18,0.099,0.309,yes,no,no,1,feed
E11,/d/,feed,3,0.16,0.109,0.31,yes,no,no,1,feed
E11,/t/,feet,1,0.198,0.152,0.11,yes,no,no,1,feet
E11,/t/,feet,2,0.204,0.169,0.123,yes,no,no,1,feet
E11,/t/,feet,3,0.273,0.117,0.168,yes,no,no,1,feet
E11,/d/,find,1,0.123,0.017,0.449,yes,yes,no,1,find
E11,/d/,find,2,0.168,0.009,0.466,yes,yes,no,1,find
E11,/d/,fond,1,0.147,0.015,0.407,yes,yes,no,1,fond
E11,/d/,gild,1,0.194,0.063,0.276,yes,yes,no,1,gild
E11,/d/,gild,2,0.152,0.056,0.311,yes,yes,no,1,gild
E11,/d/,gild,3,0.123,0.057,0.31,yes,yes,no,1,gild
E11,/d/,god,1,0.073,0.091,0.305,yes,no,no,1,god
E11,/d/,god,2,0.112,0.096,0.335,yes,no,no,1,god
E11,/d/,god,3,0.131,0.091,0.367,yes,no,no,1,god
E11,/d/,good,1,0.093,0.089,0.201,yes,no,no,1,good
E11,/d/,good,2,0.155,0.116,0.225,yes,no,no,1,good
E11,/d/,good,3,0.088,0.088,0.229,yes,no,no,1,good
E11,/t/,got,1,0.124,0.146,0.182,yes,no,no,1,got
E11,/t/,got,2,0.238,0.134,0.21,yes,no,no,1,got
E11,/t/,got,3,0.138,0.125,0.229,yes,no,no,1,got
E11,/d/,killed,1,0.177,0.046,0.214,yes,yes,no,1,killed
E11,/d/,killed,2,0.13,0.044,0.275,yes,yes,no,1,killed
E11,/d/,killed,3,0.166,0.048,0.302,yes,yes,no,1,killed
E11,/d/,lad,1,0.125,0.078,0.271,yes,no,yes,1,lad
E11,/d/,lad,2,0.189,0.084,0.273,yes,no,yes,1,lad
E11,/d/,lad,3,0.119,0.088,0.258,yes,no,yes,1,lad
E11,/t/,late,1,0.184,0.084,0.168,yes,no,yes,1,late
E11,/t/,late,2,0.22,0.099,0.16,yes,no,yes,1,late
E11,/t/,late,3,0.242,0.116,0.146,yes,no,yes,1,late
E11,/t/,neat,1,0.198,0.135,0.136,yes,no,yes,1,neat
E11,/t/,neat,2,0.183,0.142,0.162,yes,no,yes,1,neat
E11,/t/,neat,3,0.189,0.135,0.155,yes,no,yes,1,neat
E11,/d/,need,1,0.169,0.078,0.298,yes,no,yes,1,need
E11,/d/,need,2,0.121,0.1,0.283,yes,no,yes,1,need
E11,/d/,need,3,0.144,0.088,0.29,yes,no,yes,1,need
E11,/t/,night,1,0.265,0.124,0.251,yes,no,yes,1,night
E11,/t/,night,2,0.216,0.154,0.212,yes,no,yes,1,night
E11,/t/,night,3,0.185,0.13,0.206,yes,no,yes,1,night
E11,/t/,not,1,0.246,0.123,0.262,yes,no,yes,1,not
E11,/t/,not,2,0.235,0.132,0.269,yes,no,yes,1,not
E11,/t/,not,3,0.207,0.099,0.301,yes,no,yes,1,not
E11,/t/,pat,1,0.193,0.114,0.22,yes,no,no,1,pat
E11,/t/,pat,2,0.208,0.109,0.264,yes,no,no,1,pat
E11,/t/,pat,3,0.206,0.16,0.2,yes,no,no,1,pat
E11,/t/,pet,1,0.2,0.142,0.125,yes,no,no,1,pet
E11,/t/,pet,2,0.25,0.195,0.136,yes,no,no,1,pet
E11,/t/,pet,3,0.224,0.175,0.127,yes,no,no,1,pet
E11,/d/,pond,1,0.058,0.042,0.389,yes,yes,no,1,pond
E11,/d/,pond,2,0.111,0.077,0.383,yes,yes,no,1,pond
E11,/t/,pot,1,0.166,0.113,0.211,yes,no,no,1,pot
E11,/t/,pot,2,0.224,0.123,0.249,yes,no,no,1,pot
E11,/t/,pot,3,0.199,0.118,0.234,yes,no,no,1,pot
E11,/d/,pound,1,0.123,0.023,0.427,yes,yes,no,1,pound
E11,/d/,pound,2,0.09,0.022,0.456,yes,yes,no,1,pound
E11,/t/,pout,1,0.278,0.118,0.209,yes,no,no,1,pout
E11,/t/,pout,2,0.255,0.152,0.183,yes,no,no,1,pout
E11,/t/,pout,3,0.222,0.149,0.189,yes,no,no,1,pout
E11,/t/,put,1,0.293,0.106,0.155,yes,no,no,1,put
E11,/t/,put,2,0.272,0.152,0.166,yes,no,no,1,put
E11,/t/,put,3,0.273,0.1,0.156,yes,no,no,1,put
E11,/d/,ride,1,0.153,0.073,0.468,yes,no,yes,1,ride
E11,/d/,ride,2,0.126,0.062,0.512,yes,no,yes,1,ride
E11,/d/,ride,3,0.117,0.063,0.531,yes,no,yes,1,ride
E11,/d/,rod,1,0.133,0.084,0.382,yes,no,yes,1,rod
E11,/d/,rod,2,0.106,0.077,0.386,yes,no,yes,1,rod
E11,/d/,rod,3,0.124,0.097,0.396,yes,no,yes,1,rod
E11,/d/,rode,1,0.111,0.059,0.212,yes,no,yes,1,rode
E11,/d/,rode,2,0.126,0.081,0.168,yes,no,yes,1,rode
E11,/d/,rode,3,0.118,0.081,0.174,yes,no,yes,1,rode
E11,/d/,sad,1,0.15,0.085,0.319,yes,no,no,1,sad
E11,/d/,sad,2,0.16,0.079,0.332,yes,no,no,1,sad
E11,/d/,sad,3,0.077,0.088,0.337,yes,no,no,1,sad
E11,/d/,said,1,0.141,0.107,0.188,yes,no,no,1,said
E11,/d/,said,2,0.147,0.143,0.168,yes,no,no,1,said
E11,/d/,said,3,0.141,0.139,0.185,yes,no,no,1,said
E11,/t/,shot,1,0.211,0.124,0.179,yes,no,no,1,shot
E11,/t/,shot,2,0.203,0.107,0.249,yes,no,no,1,shot
E11,/t/,shot,3,0.149,0.158,0.203,yes,no,no,1,shot
E11,/t/,shout,1,0.177,0.153,0.148,yes,no,no,1,shout
E11,/t/,shout,2,0.168,0.138,0.196,yes,no,no,1,shout
E11,/t/,shout,3,0.169,0.147,0.186,yes,no,no,1,shout
E11,/t/,silt,1,0.195,0.07,0.163,yes,yes,no,1,silt
E11,/t/,silt,2,0.171,0.086,0.192,yes,yes,no,1,silt
E11,/t/,silt,3,0.16,0.088,0.165,yes,yes,no,1,silt
E11,/t/,sit,1,0.188,0.115,0.102,yes,no,no,1,sit
E11,/t/,sit,2,0.16,0.144,0.124,yes,no,no,1,sit
E11,/t/,sit,3,0.156,0.168,0.123,yes,no,no,1,sit
E11,/d/,slide,1,0.094,0.057,0.359,yes,no,no,1,slide
E11,/d/,slide,2,0.116,0.066,0.352,yes,no,no,1,slide
E11,/d/,slide,3,0.078,0.057,0.345,yes,no,no,1,slide
E11,/t/,soot,1,0.19,0.119,0.119,yes,no,no,1,soot
E11,/t/,soot,2,0.171,0.136,0.132,yes,no,no,1,soot
E11,/t/,soot,3,0.198,0.129,0.129,yes,no,no,1,soot
E11,/t/,vet,1,0.262,0.106,0.159,yes,no,no,1,vet
E11,/t/,vet,2,0.211,0.105,0.177,yes,no,no,1,vet
E11,/t/,vet,3,0.23,0.156,0.142,yes,no,no,1,vet
E11,/t/,wait,1,0.249,0.101,0.187,yes,no,no,1,wait
E11,/t/,wait,2,0.227,0.1,0.199,yes,no,no,1,wait
E11,/t/,wait,3,0.205,0.177,0.133,yes,no,no,1,wait
E11,/t/,white,1,0.182,0.15,0.126,yes,no,no,1,white
E11,/t/,white,2,0.204,0.086,0.177,yes,no,no,1,white
E11,/t/,white,3,0.218,0.154,0.14,yes,no,no,1,white
E12,/d/,bad,1,0.103,0.031,0.254,yes,no,no,1,bad
E12,/d/,bad,2,0.111,0.039,0.258,yes,no,no,1,bad
E12,/d/,bad,3,0.051,0.04,0.234,yes,no,no,1,bad
E12,/d/,bed,1,0.082,0.045,0.169,yes,no,no,1,bed
E12,/d/,bed,2,0.065,0.044,0.192,yes,no,no,1,bed
E12,/d/,bed,3,0.055,0.058,0.171,yes,no,no,1,bed
E12,/d/,bud,1,0.095,0.055,0.2,yes,no,no,1,bud
E12,/d/,bud,2,0.083,0.066,0.185,yes,no,no,1,bud
E12,/d/,bud,3,0.143,0.055,0.191,yes,no,no,1,bud
E12,/t/,but,1,0.032,0.03,0.157,yes,no,no,1,but
E12,/t/,but,2,0.036,0.028,0.129,yes,no,no,1,but
E12,/d/,cooed,1,0.094,0.046,0.224,yes,no,no,1,cooed
E12,/d/,cooed,2,0.123,0.052,0.204,yes,no,no,1,cooed
E12,/d/,cooed,3,0.079,0.04,0.199,yes,no,no,1,cooed
E12,/d/,feed,1,0.077,0.04,0.205,yes,no,no,1,feed
E12,/d/,feed,2,0.113,0.05,0.225,yes,no,no,1,feed
E12,/d/,feed,3,0.083,0.041,0.205,yes,no,no,1,feed
E12,/t/,feet,1,0.142,0.063,0.139,yes,no,no,1,feet
E12,/t/,feet,2,0.149,0.061,0.147,yes,no,no,1,feet
E12,/t/,feet,3,0.092,0.055,0.121,yes,no,no,1,feet
E12,/d/,find,1,0.089,0.032,0.329,yes,yes,no,1,find
E12,/d/,find,2,0.085,0.039,0.334,yes,yes,no,1,find
E12,/d/,find,3,0.061,0.011,0.334,yes,yes,no,1,find
E12,/d/,fond,1,0.05,0.016,0.312,yes,yes,no,1,fond
E12,/d/,fond,2,0.049,0.016,0.32,yes,yes,no,1,fond
E12,/d/,fond,3,0.081,0.022,0.299,yes,yes,no,1,fond
E12,/d/,gild,1,0.101,0.05,0.246,yes,yes,no,1,gild
E12,/d/,gild,2,0.102,0.083,0.199,yes,yes,no,1,gild
E12,/d/,gild,3,0.1,0.058,0.203,yes,yes,no,1,gild
E12,/d/,god,1,0.078,0.037,0.25,yes,no,no,1,god
E12,/d/,god,2,0.092,0.041,0.259,yes,no,no,1,god
E12,/d/,god,3,0.1,0.048,0.235,yes,no,no,1,god
E12,/d/,good,1,0.072,0.044,0.193,yes,no,no,1,good
E12,/d/,good,2,0.066,0.043,0.18,yes,no,no,1,good
E12,/d/,good,3,0.061,0.049,0.189,yes,no,no,1,good
E12,/d/,killed,1,0.061,0.027,0.229,yes,yes,no,1,killed
E12,/d/,killed,2,0.057,0.065,0.215,yes,yes,no,1,killed
E12,/d/,killed,3,0.067,0.057,0.229,yes,yes,no,1,killed
E12,/d/,lad,1,0.068,0.033,0.186,yes,no,yes,1,lad
E12,/d/,lad,2,0.065,0.033,0.168,yes,no,yes,1,lad
E12,/d/,lad,3,0.087,0.031,0.156,yes,no,yes,1,lad
E12,/t/,late,1,0.025,0.099,0.151,yes,no,yes,1,late
E12,/t/,neat,1,0.162,0.092,0.131,yes,no,yes,1,neat
E12,/t/,neat,2,0.13,0.099,0.152,yes,no,yes,1,neat
E12,/t/,neat,3,0.137,0.091,0.188,yes,no,yes,1,neat
E12,/d/,need,1,0.099,0.027,0.214,yes,no,yes,1,need
E12,/d/,need,2,0.08,0.045,0.22,yes,no,yes,1,need
E12,/d/,need,3,0.087,0.053,0.218,yes,no,yes,1,need
E12,/t/,not,1,0.048,0.133,0.175,yes,no,yes,1,not
E12,/t/,not,2,0.107,0.101,0.165,yes,no,yes,1,not
E12,/t/,pat,1,0.08,0.123,0.148,yes,no,no,1,pat
E12,/t/,pat,2,0.073,0.127,0.14,yes,no,no,1,pat
E12,/t/,pet,1,0.238,0.141,0.143,yes,no,no,1,pet
E12,/t/,pet,2,0.192,0.17,0.288,yes,no,no,1,pet
E12,/d/,pond,1,0.052,0.022,0.284,yes,yes,no,1,pond
E12,/d/,pond,2,0.076,0.024,0.299,yes,yes,no,1,pond
E12,/d/,pond,3,0.078,0.016,0.29,yes,yes,no,1,pond
E12,/d/,pound,1,0.063,0.007,0.327,yes,yes,no,1,pound
E12,/d/,pound,2,0.054,0.009,0.321,yes,yes,no,1,pound
E12,/t/,put,1,0.039,0.144,0.144,yes,no,no,1,put
E12,/t/,put,2,0.02,0.048,0.105,yes,no,no,1,put
E12,/d/,ride,1,0.104,0.037,0.189,yes,no,yes,1,ride
E12,/d/,ride,2,0.072,0.031,0.193,yes,no,yes,1,ride
E12,/d/,ride,3,0.077,0.053,0.128,yes,no,yes,1,ride
E12,/d/,rod,1,0.086,0.04,0.177,yes,no,yes,1,rod
E12,/d/,rod,2,0.084,0.049,0.139,yes,no,yes,1,rod
E12,/d/,rod,3,0.055,0.045,0.154,yes,no,yes,1,rod
E12,/d/,rode,1,0.125,0.037,0.189,yes,no,yes,1,rode
E12,/d/,rode,2,0.085,0.039,0.155,yes,no,yes,1,rode
E12,/d/,rode,3,0.075,0.043,0.12,yes,no,yes,1,rode
E12,/d/,sad,1,0.085,0.04,0.239,yes,no,no,1,sad
E12,/d/,sad,2,0.092,0.038,0.242,yes,no,no,1,sad
E12,/d/,sad,3,0.081,0.05,0.239,yes,no,no,1,sad
E12,/d/,said,1,0.081,0.039,0.187,yes,no,no,1,said
E12,/d/,said,2,0.114,0.044,0.182,yes,no,no,1,said
E12,/d/,said,3,0.089,0.052,0.168,yes,no,no,1,said
E12,/d/,slide,1,0.053,0.039,0.217,yes,no,no,1,slide
E12,/d/,slide,2,0.136,0.043,0.148,yes,no,no,1,slide
E12,/d/,slide,3,0.058,0.043,0.104,yes,no,no,1,slide
E13,/d/,bad,1,0.058,0.085,0.403,yes,no,no,1,bad
E13,/d/,bad,2,0.1,0.072,0.386,yes,no,no,1,bad
E13,/d/,bad,3,0.033,0.241,0.163,yes,no,no,1,bad
E13,/d/,bed,1,0.129,0.065,0.226,yes,no,no,1,bed
E13,/d/,bed,2,0.095,0.073,0.227,yes,no,no,1,bed
E13,/d/,bed,3,0.077,0.052,0.267,yes,no,no,1,bed
E13,/d/,bud,1,0.106,0.083,0.255,yes,no,no,1,bud
E13,/d/,bud,2,0.103,0.094,0.251,yes,no,no,1,bud
E13,/d/,bud,3,0.12,0.088,0.262,yes,no,no,1,bud
E13,/t/,but,1,0.125,0.142,0.165,yes,no,no,1,but
E13,/t/,but,2,0.103,0.121,0.165,yes,no,no,1,but
E13,/t/,but,3,0.073,0.159,0.18,yes,no,no,1,but
E13,/d/,cooed,1,0.096,0.067,0.286,yes,no,no,1,cooed
E13,/d/,cooed,2,0.1,0.063,0.315,yes,no,no,1,cooed
E13,/d/,cooed,3,0.107,0.021,0.313,yes,no,no,1,cooed
E13,/t/,cut,1,0.107,0.15,0.133,yes,no,no,1,cut
E13,/t/,cut,2,0.098,0.168,0.153,yes,no,no,1,cut
E13,/t/,cut,3,0.103,0.157,0.137,yes,no,no,1,cut
E13,/d/,feed,1,0.152,0.062,0.321,yes,no,no,1,feed
E13,/d/,feed,2,0.144,0.062,0.343,yes,no,no,1,feed
E13,/d/,feed,3,0.114,0.082,0.277,yes,no,no,1,feed
E13,/t/,feet,1,0.121,0.153,0.133,yes,no,no,1,feet
E13,/t/,feet,2,0.119,0.13,0.172,yes,no,no,1,feet
E13,/t/,feet,3,0.083,0.108,0.158,yes,no,no,1,feet
E13,/d/,fond,1,0.1,0.009,0.474,yes,yes,no,1,fond
E13,/d/,fond,2,0.098,0.007,0.474,yes,yes,no,1,fond
E13,/d/,gild,1,0.124,0.111,0.32,yes,yes,no,1,gild
E13,/d/,gild,2,0.107,0.064,0.414,yes,yes,no,1,gild
E13,/d/,gild,3,0.141,0.125,0.328,yes,yes,no,1,gild
E13,/d/,god,1,0.133,0.049,0.33,yes,no,no,1,god
E13,/d/,god,2,0.099,0.065,0.276,yes,no,no,1,god
E13,/d/,good,1,0.102,0.098,0.18,yes,no,no,1,good
E13,/d/,good,2,0.106,0.104,0.187,yes,no,no,1,good
E13,/d/,good,3,0.127,0.123,0.193,yes,no,no,1,good
E13,/t/,got,1,0.145,0.131,0.247,yes,no,no,1,got
E13,/t/,got,2,0.109,0.123,0.238,yes,no,no,1,got
E13,/t/,got,3,0.117,0.15,0.206,yes,no,no,1,got
E13,/d/,killed,1,0.088,0.103,0.286,yes,yes,no,1,killed
E13,/d/,killed,2,0.081,0.027,0.396,yes,yes,no,1,killed
E13,/d/,killed,3,0.049,0.084,0.338,yes,yes,no,1,killed
E13,/d/,lad,1,0.11,0.067,0.283,yes,no,yes,1,lad
E13,/d/,lad,2,0.093,0.065,0.239,yes,no,yes,1,lad
E13,/d/,lad,3,0.07,0.065,0.307,yes,no,yes,1,lad
E13,/t/,late,1,0.114,0.119,0.211,yes,no,yes,1,late
E13,/t/,late,2,0.119,0.122,0.156,yes,no,yes,1,late
E13,/t/,late,3,0.113,0.143,0.159,yes,no,yes,1,late
E13,/t/,neat,1,0.085,0.113,0.189,yes,no,yes,1,neat
E13,/t/,neat,2,0.053,0.12,0.173,yes,no,yes,1,neat
E13,/t/,neat,3,0.08,0.178,0.115,yes,no,yes,1,neat
E13,/d/,need,1,0.1,0.062,0.306,yes,no,yes,1,need
E13,/d/,need,2,0.058,0.068,0.31,yes,no,yes,1,need
E13,/d/,need,3,0.033,0.082,0.276,yes,no,yes,1,need
E13,/t/,night,1,0.073,0.161,0.173,yes,no,yes,1,night
E13,/t/,night,2,0.058,0.192,0.141,yes,no,yes,1,night
E13,/t/,night,3,0.087,0.161,0.157,yes,no,yes,1,night
E13,/t/,not,1,0.139,0.169,0.191,yes,no,yes,1,not
E13,/t/,not,2,0.059,0.157,0.196,yes,no,yes,1,not
E13,/t/,not,3,0.076,0.215,0.175,yes,no,yes,1,not
E13,/t/,pat,1,0.098,0.21,0.119,yes,no,no,1,pat
E13,/t/,pat,2,0.108,0.183,0.183,yes,no,no,1,pat
E13,/t/,pat,3,0.079,0.203,0.181,yes,no,no,1,pat
E13,/t/,pet,1,0.087,0.179,0.101,yes,no,no,1,pet
E13,/t/,pet,2,0.068,0.222,0.11,yes,no,no,1,pet
E13,/t/,pet,3,0.073,0.217,0.078,yes,no,no,1,pet
E13,/d/,pond,1,0.088,0.16,0.273,yes,yes,no,1,pond
E13,/d/,pond,2,0.085,0.097,0.31,yes,yes,no,1,pond
E13,/d/,pond,3,0.066,0.044,0.405,yes,yes,no,1,pond
E13,/t/,pot,1,0.074,0.201,0.116,yes,no,no,1,pot
E13,/t/,pot,2,0.067,0.266,0.11,yes,no,no,1,pot
E13,/t/,pot,3,0.096,0.221,0.183,yes,no,no,1,pot
E13,/d/,pound,1,0.112,0.13,0.305,yes,yes,no,1,pound
E13,/d/,pound,2,0.075,0.033,0.46,yes,yes,no,1,pound
E13,/d/,pound,3,0.077,0.075,0.361,yes,yes,no,1,pound
E13,/t/,pout,1,0.12,0.188,0.125,yes,no,no,1,pout
E13,/t/,pout,2,0.093,0.214,0.135,yes,no,no,1,pout
E13,/t/,pout,3,0.117,0.223,0.127,yes,no,no,1,pout
E13,/t/,put,1,0.095,0.181,0.077,yes,no,no,1,put
E13,/t/,put,2,0.092,0.183,0.101,yes,no,no,1,put
E13,/d/,ride,1,0.117,0.098,0.343,yes,no,yes,1,ride
E13,/d/,ride,2,0.065,0.068,0.182,yes,no,yes,1,ride
E13,/d/,ride,3,0.055,0.067,0.271,yes,no,yes,1,ride
E13,/d/,rod,1,0.091,0.094,0.266,yes,no,yes,1,rod
E13,/d/,rod,2,0.107,0.091,0.241,yes,no,yes,1,rod
E13,/d/,rod,3,0.06,0.083,0.236,yes,no,yes,1,rod
E13,/d/,rode,1,0.092,0.072,0.229,yes,no,yes,1,rode
E13,/d/,rode,2,0.093,0.098,0.207,yes,no,yes,1,rode
E13,/d/,rode,3,0.107,0.126,0.194,yes,no,yes,1,rode
E13,/d/,sad,1,0.067,0.067,0.35,yes,no,no,1,sad
E13,/d/,sad,2,0.057,0.07,0.349,yes,no,no,1,sad
E13,/d/,sad,3,0.051,0.079,0.35,yes,no,no,1,sad
E13,/d/,said,1,0.081,0.094,0.184,yes,no,no,1,said
E13,/d/,said,2,0.078,0.087,0.186,yes,no,no,1,said
E13,/d/,said,3,0.099,0.078,0.193,yes,no,no,1,said
E13,/t/,shot,1,0.109,0.178,0.187,yes,no,no,1,shot
E13,/t/,shot,2,0.125,0.132,0.252,yes,no,no,1,shot
E13,/t/,shot,3,0.094,0.245,0.176,yes,no,no,1,shot
E13,/t/,shout,1,0.047,0.204,0.192,yes,no,no,1,shout
E13,/t/,shout,2,0.049,0.217,0.23,yes,no,no,1,shout
E13,/t/,shout,3,0.05,0.174,0.225,yes,no,no,1,shout
E13,/t/,silt,1,0.068,0.132,0.172,yes,yes,no,1,silt
E13,/t/,silt,2,0.067,0.141,0.142,yes,yes,no,1,silt
E13,/t/,silt,3,0.07,0.152,0.171,yes,yes,no,1,silt
E13,/t/,sit,1,0.084,0.201,0.1,yes,no,no,1,sit
E13,/t/,sit,2,0.06,0.206,0.094,yes,no,no,1,sit
E13,/t/,sit,3,0.07,0.214,0.086,yes,no,no,1,sit
E13,/d/,slide,1,0.062,0.07,0.349,yes,no,no,1,slide
E13,/d/,slide,2,0.08,0.066,0.341,yes,no,no,1,slide
E13,/d/,slide,3,0.069,0.072,0.276,yes,no,no,1,slide
E13,/t/,soot,1,0.107,0.146,0.116,yes,no,no,1,soot
E13,/t/,soot,2,0.097,0.151,0.129,yes,no,no,1,soot
E13,/t/,soot,3,0.09,0.183,0.1,yes,no,no,1,soot
E13,/t/,vet,1,0.104,0.194,0.117,yes,no,no,1,vet
E13,/t/,vet,2,0.08,0.21,0.17,yes,no,no,1,vet
E13,/t/,vet,3,0.082,0.191,0.144,yes,no,no,1,vet
E13,/t/,wait,1,0.095,0.165,0.162,yes,no,no,1,wait
E13,/t/,wait,2,0.082,0.167,0.205,yes,no,no,1,wait
E13,/t/,wait,3,0.075,0.182,0.144,yes,no,no,1,wait
E13,/t/,white,1,0.128,0.162,0.109,yes,no,no,1,white
E13,/t/,white,2,0.086,0.154,0.143,yes,no,no,1,white
E13,/t/,white,3,0.042,0.174,0.143,yes,no,no,1,white
E14,/d/,bad,1,0.093,0.089,0.314,yes,no,no,1,bad
E14,/d/,bad,2,0.065,0.114,0.314,yes,no,no,1,bad
E14,/d/,bad,3,0.091,0.091,0.319,yes,no,no,1,bad
E14,/d/,bed,1,0.169,0.125,0.202,yes,no,no,1,bed
E14,/d/,bed,2,0.128,0.135,0.209,yes,no,no,1,bed
E14,/d/,bed,3,0.051,0.099,0.231,yes,no,no,1,bed
E14,/d/,bud,1,0.144,0.125,0.158,yes,no,no,1,bud
E14,/d/,bud,2,0.136,0.106,0.177,yes,no,no,1,bud
E14,/d/,bud,3,0.089,0.109,0.162,yes,no,no,1,bud
E14,/t/,but,1,0.14,0.176,0.104,yes,no,no,1,but
E14,/t/,but,2,0.129,0.204,0.097,yes,no,no,1,but
E14,/t/,but,3,0.14,0.201,0.085,yes,no,no,1,but
E14,/d/,cooed,1,0.15,0.065,0.225,yes,no,no,1,cooed
E14,/d/,cooed,2,0.129,0.069,0.236,yes,no,no,1,cooed
E14,/d/,cooed,3,0.089,0.076,0.233,yes,no,no,1,cooed
E14,/t/,cut,1,0.203,0.165,0.088,yes,no,no,1,cut
E14,/t/,cut,2,0.193,0.181,0.085,yes,no,no,1,cut
E14,/t/,cut,3,0.184,0.157,0.09,yes,no,no,1,cut
E14,/d/,feed,1,0.203,0.082,0.22,yes,no,no,1,feed
E14,/d/,feed,2,0.145,0.072,0.212,yes,no,no,1,feed
E14,/d/,feed,3,0.13,0.111,0.214,yes,no,no,1,feed
E14,/t/,feet,1,0.127,0.139,0.113,yes,no,no,1,feet
E14,/t/,feet,2,0.116,0.14,0.121,yes,no,no,1,feet
E14,/t/,feet,3,0.133,0.166,0.109,yes,no,no,1,feet
E14,/d/,find,1,0.09,0.027,0.392,yes,yes,no,1,find
E14,/d/,find,2,0.1,0.174,0.265,yes,yes,no,1,find
E14,/d/,find,3,0.122,0.142,0.288,yes,yes,no,1,find
E14,/d/,fond,1,0.128,0.048,0.344,yes,yes,no,1,fond
E14,/d/,fond,2,0.095,0.041,0.344,yes,yes,no,1,fond
E14,/d/,fond,3,0.091,0.032,0.37,yes,yes,no,1,fond
E14,/d/,gild,1,0.263,0.035,0.279,yes,yes,no,1,gild
E14,/d/,gild,2,0.227,0.08,0.134,yes,yes,no,1,gild
E14,/d/,gild,3,0.15,0.046,0.259,yes,yes,no,1,gild
E14,/d/,god,1,0.13,0.075,0.275,yes,no,no,1,god
E14,/d/,god,2,0.123,0.06,0.296,yes,no,no,1,god
E14,/d/,god,3,0.094,0.095,0.26,yes,no,no,1,god
E14,/d/,good,1,0.17,0.121,0.153,yes,no,no,1,good
E14,/d/,good,2,0.104,0.116,0.163,yes,no,no,1,good
E14,/d/,good,3,0.169,0.125,0.152,yes,no,no,1,good
E14,/t/,got,1,0.138,0.162,0.152,yes,no,no,1,got
E14,/t/,got,2,0.178,0.186,0.148,yes,no,no,1,got
E14,/t/,got,3,0.169,0.148,0.184,yes,no,no,1,got
E14,/d/,killed,1,0.185,0.03,0.259,yes,yes,no,1,killed
E14,/d/,killed,2,0.112,0.028,0.287,yes,yes,no,1,killed
E14,/d/,killed,3,0.067,0.098,0.2,yes,yes,no,1,killed
E14,/d/,lad,1,0.102,0.076,0.244,yes,no,yes,1,lad
E14,/d/,lad,2,0.095,0.095,0.231,yes,no,yes,1,lad
E14,/d/,lad,3,0.078,0.102,0.275,yes,no,yes,1,lad
E14,/t/,late,1,0.196,0.096,0.125,yes,no,yes,1,late
E14,/t/,late,2,0.14,0.108,0.14,yes,no,yes,1,late
E14,/t/,late,3,0.125,0.125,0.163,yes,no,yes,1,late
E14,/t/,neat,1,0.048,0.16,0.135,yes,no,yes,1,neat
E14,/t/,neat,2,0.048,0.141,0.132,yes,no,yes,1,neat
E14,/t/,neat,3,0.246,0.135,0.148,yes,no,yes,1,neat
E14,/d/,need,1,0.222,0.091,0.217,yes,no,yes,1,need
E14,/d/,need,2,0.128,0.074,0.263,yes,no,yes,1,need
E14,/d/,need,3,0.095,0.062,0.277,yes,no,yes,1,need
E14,/t/,night,1,0.181,0.126,0.132,yes,no,yes,1,night
E14,/t/,night,2,0.121,0.162,0.119,yes,no,yes,1,night
E14,/t/,night,3,0.138,0.127,0.183,yes,no,yes,1,night
E14,/t/,not,1,0.142,0.152,0.193,yes,no,yes,1,not
E14,/t/,not,2,0.129,0.128,0.218,yes,no,yes,1,not
E14,/t/,not,3,0.084,0.133,0.205,yes,no,yes,1,not
E14,/t/,pat,1,0.107,0.168,0.149,yes,no,no,1,pat
E14,/t/,pat,2,0.105,0.197,0.147,yes,no,no,1,pat
E14,/t/,pat,3,0.063,0.183,0.135,yes,no,no,1,pat
E14,/t/,pet,1,0.117,0.159,0.093,yes,no,no,1,pet
E14,/t/,pet,2,0.137,0.16,0.103,yes,no,no,1,pet
E14,/t/,pet,3,0.077,0.156,0.123,yes,no,no,1,pet
E14,/d/,pond,1,0.143,0.006,0.373,yes,yes,no,1,pond
E14,/d/,pond,2,0.101,0.04,0.395,yes,yes,no,1,pond
E14,/d/,pond,3,0.076,0.092,0.334,yes,yes,no,1,pond
E14,/t/,pot,1,0.139,0.123,0.189,yes,no,no,1,pot
E14,/t/,pot,2,0.099,0.166,0.146,yes,no,no,1,pot
E14,/t/,pot,3,0.089,0.16,0.151,yes,no,no,1,pot
E14,/d/,pound,1,0.068,0.061,0.334,yes,yes,no,1,pound
E14,/d/,pound,2,0.089,0.059,0.351,yes,yes,no,1,pound
E14,/d/,pound,3,0.087,0.044,0.386,yes,yes,no,1,pound
E14,/t/,pout,1,0.117,0.148,0.161,yes,no,no,1,pout
E14,/t/,pout,2,0.051,0.132,0.166,yes,no,no,1,pout
E14,/t/,pout,3,0.117,0.174,0.138,yes,no,no,1,pout
E14,/t/,put,1,0.112,0.153,0.136,yes,no,no,1,put
E14,/t/,put,2,0.131,0.134,0.132,yes,no,no,1,put
E14,/t/,put,3,0.101,0.207,0.102,yes,no,no,1,put
E14,/d/,ride,1,0.14,0.064,0.308,yes,no,yes,1,ride
E14,/d/,ride,2,0.146,0.067,0.3,yes,no,yes,1,ride
E14,/d/,ride,3,0.136,0.071,0.274,yes,no,yes,1,ride
E14,/d/,rod,1,0.1,0.092,0.271,yes,no,yes,1,rod
E14,/d/,rod,2,0.105,0.077,0.243,yes,no,yes,1,rod
E14,/d/,rod,3,0.074,0.081,0.246,yes,no,yes,1,rod
E14,/d/,rode,1,0.113,0.069,0.23,yes,no,yes,1,rode
E14,/d/,rode,2,0.156,0.04,0.25,yes,no,yes,1,rode
E14,/d/,rode,3,0.134,0.056,0.226,yes,no,yes,1,rode
E14,/d/,sad,1,0.112,0.084,0.305,yes,no,no,1,sad
E14,/d/,sad,2,0.073,0.086,0.314,yes,no,no,1,sad
E14,/d/,sad,3,0.079,0.112,0.287,yes,no,no,1,sad
E14,/d/,said,1,0.06,0.113,0.194,yes,no,no,1,said
E14,/d/,said,2,0.091,0.102,0.205,yes,no,no,1,said
E14,/d/,said,3,0.114,0.091,0.19,yes,no,no,1,said
E14,/t/,shot,1,0.156,0.16,0.14,yes,no,no,1,shot
E14,/t/,shot,2,0.068,0.149,0.144,yes,no,no,1,shot
E14,/t/,shot,3,0.103,0.18,0.15,yes,no,no,1,shot
E14,/t/,shout,1,0.144,0.155,0.167,yes,no,no,1,shout
E14,/t/,shout,2,0.078,0.12,0.222,yes,no,no,1,shout
E14,/t/,shout,3,0.069,0.154,0.167,yes,no,no,1,shout
E14,/t/,silt,1,0.184,0.097,0.162,yes,yes,no,1,silt
E14,/t/,silt,2,0.11,0.113,0.143,yes,yes,no,1,silt
E14,/t/,silt,3,0.139,0.136,0.105,yes,yes,no,1,silt
E14,/t/,sit,1,0.042,0.166,0.093,yes,no,no,1,sit
E14,/t/,sit,2,0.086,0.138,0.09,yes,no,no,1,sit
E14,/t/,sit,3,0.049,0.125,0.1,yes,no,no,1,sit
E14,/d/,slide,1,0.088,0.055,0.287,yes,no,no,1,slide
E14,/d/,slide,2,0.081,0.041,0.322,yes,no,no,1,slide
E14,/d/,slide,3,0.116,0.068,0.273,yes,no,no,1,slide
E14,/t/,soot,1,0.1,0.148,0.073,yes,no,no,1,soot
E14,/t/,soot,2,0.12,0.153,0.099,yes,no,no,1,soot
E14,/t/,soot,3,0.101,0.164,0.09,yes,no,no,1,soot
E14,/t/,vet,1,0.214,0.171,0.12,yes,no,no,1,vet
E14,/t/,vet,2,0.239,0.161,0.125,yes,no,no,1,vet
E14,/t/,vet,3,0.252,0.163,0.12,yes,no,no,1,vet
E14,/t/,wait,1,0.161,0.087,0.114,yes,no,no,1,wait
E14,/t/,wait,2,0.139,0.093,0.109,yes,no,no,1,wait
E14,/t/,wait,3,0.154,0.111,0.119,yes,no,no,1,wait
E14,/t/,white,1,0.174,0.072,0.121,yes,no,no,1,white
E14,/t/,white,2,0.118,0.106,0.057,yes,no,no,1,white
E14,/t/,white,3,0.099,0.107,0.112,yes,no,no,1,white
E15,/d/,bad,1,0.084,0.048,0.276,yes,no,no,1,bad
E15,/d/,bad,2,0.111,0.046,0.301,yes,no,no,1,bad
E15,/d/,bad,3,0.115,0.068,0.262,yes,no,no,1,bad
E15,/d/,bed,1,0.117,0.059,0.194,yes,no,no,1,bed
E15,/d/,bed,2,0.094,0.086,0.214,yes,no,no,1,bed
E15,/d/,bed,3,0.13,0.064,0.208,yes,no,no,1,bed
E15,/d/,bud,1,0.097,0.085,0.192,yes,no,no,1,bud
E15,/d/,bud,2,0.104,0.125,0.206,yes,no,no,1,bud
E15,/d/,bud,3,0.037,0.168,0.195,yes,no,no,1,bud
E15,/t/,but,1,0.121,0.103,0.143,yes,no,no,1,but
E15,/t/,but,2,0.162,0.104,0.146,yes,no,no,1,but
E15,/t/,but,3,0.157,0.099,0.148,yes,no,no,1,but
E15,/d/,cooed,1,0.115,0.049,0.216,yes,no,no,1,cooed
E15,/d/,cooed,2,0.108,0.041,0.258,yes,no,no,1,cooed
E15,/d/,cooed,3,0.155,0.02,0.257,yes,no,no,1,cooed
E15,/t/,cut,1,0.101,0.103,0.113,yes,no,no,1,cut
E15,/t/,cut,2,0.096,0.141,0.104,yes,no,no,1,cut
E15,/t/,cut,3,0.103,0.122,0.116,yes,no,no,1,cut
E15,/d/,feed,1,0.12,0.064,0.29,yes,no,no,1,feed
E15,/d/,feed,2,0.093,0.077,0.304,yes,no,no,1,feed
E15,/d/,feed,3,0.084,0.066,0.311,yes,no,no,1,feed
E15,/t/,feet,1,0.084,0.111,0.142,yes,no,no,1,feet
E15,/t/,feet,2,0.106,0.132,0.138,yes,no,no,1,feet
E15,/t/,feet,3,0.107,0.119,0.129,yes,no,no,1,feet
E15,/d/,find,1,0.115,0.018,0.388,yes,yes,no,1,find
E15,/d/,find,2,0.121,0.034,0.372,yes,yes,no,1,find
E15,/d/,find,3,0.07,0.038,0.355,yes,yes,no,1,find
E15,/d/,fond,1,0.098,0.008,0.378,yes,yes,no,1,fond
E15,/d/,fond,2,0.094,0.014,0.394,yes,yes,no,1,fond
E15,/d/,gild,1,0.098,0.021,0.354,yes,yes,no,1,gild
E15,/d/,gild,2,0.112,0.046,0.358,yes,yes,no,1,gild
E15,/d/,gild,3,0.135,0.013,0.401,yes,yes,no,1,gild
E15,/d/,god,1,0.1,0.063,0.285,yes,no,no,1,god
E15,/d/,god,2,0.099,0.069,0.305,yes,no,no,1,god
E15,/d/,god,3,0.106,0.06,0.309,yes,no,no,1,god
E15,/d/,good,1,0.104,0.071,0.19,yes,no,no,1,good
E15,/d/,good,2,0.095,0.069,0.205,yes,no,no,1,good
E15,/d/,good,3,0.094,0.067,0.21,yes,no,no,1,good
E15,/t/,got,1,0.104,0.072,0.193,yes,no,no,1,got
E15,/t/,got,2,0.144,0.088,0.179,yes,no,no,1,got
E15,/t/,got,3,0.11,0.1,0.182,yes,no,no,1,got
E15,/d/,killed,1,0.102,0.035,0.324,yes,yes,no,1,killed
E15,/d/,killed,2,0.169,0.027,0.308,yes,yes,no,1,killed
E15,/d/,lad,1,0.121,0.071,0.236,yes,no,yes,1,lad
E15,/d/,lad,2,0.111,0.075,0.261,yes,no,yes,1,lad
E15,/d/,lad,3,0.109,0.075,0.266,yes,no,yes,1,lad
E15,/t/,late,1,0.11,0.106,0.141,yes,no,yes,1,late
E15,/t/,late,2,0.112,0.124,0.15,yes,no,yes,1,late
E15,/t/,late,3,0.152,0.112,0.145,yes,no,yes,1,late
E15,/t/,neat,1,0.145,0.125,0.148,yes,no,yes,1,neat
E15,/t/,neat,2,0.134,0.128,0.139,yes,no,yes,1,neat
E15,/t/,neat,3,0.122,0.117,0.209,yes,no,yes,1,neat
E15,/d/,need,1,0.119,0.061,0.263,yes,no,yes,1,need
E15,/d/,need,2,0.13,0.065,0.249,yes,no,yes,1,need
E15,/d/,need,3,0.132,0.073,0.274,yes,no,yes,1,need
E15,/t/,night,1,0.107,0.128,0.149,yes,no,yes,1,night
E15,/t/,night,2,0.125,0.14,0.16,yes,no,yes,1,night
E15,/t/,night,3,0.155,0.162,0.156,yes,no,yes,1,night
E15,/t/,not,1,0.109,0.198,0.138,yes,no,yes,1,not
E15,/t/,not,2,0.136,0.141,0.134,yes,no,yes,1,not
E15,/t/,not,3,0.127,0.154,0.161,yes,no,yes,1,not
E15,/t/,pat,1,0.098,0.127,0.158,yes,no,no,1,pat
E15,/t/,pat,2,0.187,0.122,0.169,yes,no,no,1,pat
E15,/t/,pat,3,0.152,0.102,0.166,yes,no,no,1,pat
E15,/t/,pet,1,0.118,0.116,0.118,yes,no,no,1,pet
E15,/t/,pet,2,0.14,0.085,0.125,yes,no,no,1,pet
E15,/t/,pet,3,0.167,0.129,0.098,yes,no,no,1,pet
E15,/d/,pond,1,0.115,0.007,0.377,yes,yes,no,1,pond
E15,/d/,pond,2,0.128,0.025,0.32,yes,yes,no,1,pond
E15,/t/,pot,1,0.13,0.154,0.149,yes,no,no,1,pot
E15,/t/,pot,2,0.155,0.108,0.184,yes,no,no,1,pot
E15,/t/,pot,3,0.144,0.155,0.138,yes,no,no,1,pot
E15,/d/,pound,1,0.103,0.05,0.407,yes,yes,no,1,pound
E15,/d/,pound,2,0.114,0.039,0.398,yes,yes,no,1,pound
E15,/t/,put,1,0.147,0.136,0.102,yes,no,no,1,put
E15,/t/,put,2,0.196,0.122,0.108,yes,no,no,1,put
E15,/t/,put,3,0.142,0.132,0.111,yes,no,no,1,put
E15,/d/,ride,1,0.069,0.06,0.2,yes,no,yes,1,ride
E15,/d/,ride,2,0.104,0.029,0.251,yes,no,yes,1,ride
E15,/d/,rod,1,0.148,0.025,0.24,yes,no,yes,1,rod
E15,/d/,rod,2,0.107,0.043,0.238,yes,no,yes,1,rod
E15,/d/,rod,3,0.104,0.03,0.187,yes,no,yes,1,rod
E15,/d/,rode,1,0.087,0.066,0.138,yes,no,yes,1,rode
E15,/d/,rode,2,0.111,0.063,0.129,yes,no,yes,1,rode
E15,/d/,rode,3,0.104,0.067,0.126,yes,no,yes,1,rode
E15,/d/,sad,1,0.106,0.04,0.264,yes,no,no,1,sad
E15,/d/,sad,2,0.109,0.05,0.274,yes,no,no,1,sad
E15,/d/,sad,3,0.12,0.034,0.296,yes,no,no,1,sad
E15,/d/,said,1,0.089,0.061,0.232,yes,no,no,1,said
E15,/d/,said,2,0.128,0.092,0.216,yes,no,no,1,said
E15,/d/,said,3,0.113,0.121,0.193,yes,no,no,1,said
E15,/t/,shot,1,0.081,0.161,0.136,yes,no,no,1,shot
E15,/t/,shot,2,0.143,0.132,0.193,yes,no,no,1,shot
E15,/t/,shot,3,0.116,0.122,0.187,yes,no,no,1,shot
E15,/t/,shout,1,0.121,0.13,0.179,yes,no,no,1,shout
E15,/t/,shout,2,0.149,0.119,0.211,yes,no,no,1,shout
E15,/t/,shout,3,0.127,0.11,0.182,yes,no,no,1,shout
E15,/t/,silt,1,0.162,0.108,0.152,yes,yes,no,1,silt
E15,/t/,silt,2,0.195,0.124,0.148,yes,yes,no,1,silt
E15,/t/,silt,3,0.153,0.114,0.167,yes,yes,no,1,silt
E15,/t/,sit,1,0.124,0.086,0.098,yes,no,no,1,sit
E15,/t/,sit,2,0.13,0.089,0.131,yes,no,no,1,sit
E15,/t/,sit,3,0.111,0.086,0.123,yes,no,no,1,sit
E15,/d/,slide,1,0.122,0.019,0.278,yes,no,no,1,slide
E15,/d/,slide,2,0.081,0.074,0.249,yes,no,no,1,slide
E15,/d/,slide,3,0.105,0.026,0.249,yes,no,no,1,slide
E15,/t/,soot,1,0.151,0.099,0.104,yes,no,no,1,soot
E15,/t/,soot,2,0.093,0.095,0.12,yes,no,no,1,soot
E15,/t/,soot,3,0.14,0.111,0.145,yes,no,no,1,soot
E15,/t/,vet,1,0.123,0.122,0.125,yes,no,no,1,vet
E15,/t/,vet,2,0.146,0.127,0.162,yes,no,no,1,vet
E15,/t/,vet,3,0.065,0.139,0.158,yes,no,no,1,vet
E15,/t/,wait,1,0.104,0.12,0.129,yes,no,no,1,wait
E15,/t/,wait,2,0.118,0.168,0.125,yes,no,no,1,wait
E15,/t/,wait,3,0.129,0.09,0.161,yes,no,no,1,wait
E15,/t/,white,1,0.102,0.115,0.1,yes,no,no,1,white
E15,/t/,white,2,0.084,0.11,0.114,yes,no,no,1,white
E15,/t/,white,3,0.126,0.142,0.097,yes,no,no,1,white
E3,/d/,bad,1,0.11,0.043,0.299,yes,no,no,1,bad
E3,/d/,bad,2,0.123,0.035,0.288,yes,no,no,1,bad
E3,/d/,bad,3,0.136,0.035,0.312,yes,no,no,1,bad
E3,/d/,bed,1,0.138,0.04,0.177,yes,no,no,1,bed
E3,/d/,bed,2,0.194,0.042,0.198,yes,no,no,1,bed
E3,/d/,bed,3,0.153,0.039,0.218,yes,no,no,1,bed
E3,/d/,bud,1,0.261,0.023,0.217,yes,no,no,1,bud
E3,/d/,bud,2,0.169,0.023,0.188,yes,no,no,1,bud
E3,/d/,bud,3,0.145,0.038,0.206,yes,no,no,1,bud
E3,/d/,cooed,1,0.057,0.046,0.258,yes,no,no,1,cooed
E3,/d/,cooed,2,0.148,0.047,0.237,yes,no,no,1,cooed
E3,/d/,cooed,3,0.063,0.045,0.258,yes,no,no,1,cooed
E3,/d/,feed,1,0.266,0.05,0.262,yes,no,no,1,feed
E3,/d/,feed,2,0.213,0.05,0.275,yes,no,no,1,feed
E3,/d/,feed,3,0.104,0.051,0.239,yes,no,no,1,feed
E3,/t/,feet,1,0.193,0.123,0.145,yes,no,no,1,feet
E3,/t/,feet,2,0.155,0.091,0.166,yes,no,no,1,feet
E3,/t/,feet,3,0.15,0.108,0.186,yes,no,no,1,feet
E3,/d/,find,1,0.081,0.029,0.372,yes,yes,no,1,find
E3,/d/,find,2,0.141,0.016,0.398,yes,yes,no,1,find
E3,/d/,find,3,0.121,0.02,0.367,yes,yes,no,1,find
E3,/d/,fond,1,0.085,0.02,0.352,yes,yes,no,1,fond
E3,/d/,fond,2,0.156,0.023,0.395,yes,yes,no,1,fond
E3,/d/,fond,3,0.139,0.014,0.35,yes,yes,no,1,fond
E3,/d/,gild,1,0.059,0.083,0.284,yes,yes,no,1,gild
E3,/d/,gild,2,0.169,0.075,0.29,yes,yes,no,1,gild
E3,/d/,gild,3,0.114,0.074,0.277,yes,yes,no,1,gild
E3,/d/,god,1,0.176,0.036,0.291,yes,no,no,1,god
E3,/d/,god,2,0.164,0.051,0.267,yes,no,no,1,god
E3,/d/,god,3,0.129,0.066,0.263,yes,no,no,1,god
E3,/d/,good,1,0.088,0.044,0.216,yes,no,no,1,good
E3,/d/,good,2,0.124,0.029,0.251,yes,no,no,1,good
E3,/d/,good,3,0.117,0.022,0.252,yes,no,no,1,good
E3,/t/,got,1,0.167,0.102,0.238,yes,no,no,1,got
E3,/t/,got,2,0.211,0.123,0.186,yes,no,no,1,got
E3,/d/,killed,1,0.094,0.088,0.258,yes,yes,no,1,killed
E3,/d/,killed,2,0.141,0.06,0.31,yes,yes,no,1,killed
E3,/d/,killed,3,0.12,0.073,0.27,yes,yes,no,1,killed
E3,/d/,lad,1,0.108,0.04,0.225,yes,no,yes,1,lad
E3,/d/,lad,2,0.157,0.052,0.235,yes,no,yes,1,lad
E3,/d/,lad,3,0.119,0.056,0.219,yes,no,yes,1,lad
E3,/t/,neat,1,0.183,0.091,0.146,yes,no,yes,1,neat
E3,/t/,neat,2,0.216,0.089,0.151,yes,no,yes,1,neat
E3,/t/,neat,3,0.167,0.077,0.152,yes,no,yes,1,neat
E3,/d/,need,1,0.14,0.043,0.265,yes,no,yes,1,need
E3,/d/,need,2,0.215,0.055,0.251,yes,no,yes,1,need
E3,/d/,need,3,0.172,0.049,0.252,yes,no,yes,1,need
E3,/d/,pond,1,0.088,0.019,0.334,yes,yes,no,1,pond
E3,/d/,pond,2,0.119,0.02,0.376,yes,yes,no,1,pond
E3,/d/,pond,3,0.123,0.018,0.337,yes,yes,no,1,pond
E3,/d/,pound,1,0.086,0.021,0.326,yes,yes,no,1,pound
E3,/d/,pound,2,0.133,0.008,0.364,yes,yes,no,1,pound
E3,/d/,pound,3,0.144,0.014,0.392,yes,yes,no,1,pound
E3,/d/,ride,1,0.122,0.056,0.264,yes,no,yes,1,ride
E3,/d/,ride,2,0.111,0.042,0.247,yes,no,yes,1,ride
E3,/d/,ride,3,0.109,0.043,0.252,yes,no,yes,1,ride
E3,/d/,rod,1,0.206,0.046,0.222,yes,no,yes,1,rod
E3,/d/,rod,2,0.114,0.027,0.223,yes,no,yes,1,rod
E3,/d/,rode,1,0.141,0.043,0.185,yes,no,yes,1,rode
E3,/d/,rode,2,0.219,0.024,0.189,yes,no,yes,1,rode
E3,/d/,rode,3,0.131,0.027,0.163,yes,no,yes,1,rode
E3,/d/,sad,1,0.088,0.058,0.29,yes,no,no,1,sad
E3,/d/,sad,2,0.122,0.029,0.296,yes,no,no,1,sad
E3,/d/,sad,3,0.123,0.05,0.292,yes,no,no,1,sad
E3,/d/,said,1,0.142,0.029,0.212,yes,no,no,1,said
E3,/d/,said,2,0.132,0.036,0.215,yes,no,no,1,said
E3,/d/,said,3,0.158,0.037,0.211,yes,no,no,1,said
E3,/d/,slide,1,0.11,0.028,0.266,yes,no,no,1,slide
E3,/d/,slide,2,0.123,0.029,0.265,yes,no,no,1,slide
E3,/d/,slide,3,0.128,0.028,0.288,yes,no,no,1,slide
E7,/d/,bed,1,0.043,0.075,0.2,yes,no,no,1,bed
E7,/d/,bed,2,0.052,0.08,0.201,yes,no,no,1,bed
E7,/d/,bed,3,0.112,0.109,0.21,yes,no,no,1,bed
E7,/d/,cooed,1,0.063,0.058,0.308,yes,no,no,1,cooed
E7,/d/,cooed,2,0.109,0.062,0.29,yes,no,no,1,cooed
E7,/d/,cooed,3,0.126,0.069,0.232,yes,no,no,1,cooed
E7,/d/,feed,1,0.055,0.107,0.275,yes,no,no,1,feed
E7,/d/,feed,2,0.074,0.079,0.277,yes,no,no,1,feed
E7,/d/,feed,3,0.044,0.115,0.276,yes,no,no,1,feed
E7,/t/,feet,1,0.113,0.191,0.134,yes,no,no,1,feet
E7,/t/,feet,2,0.112,0.19,0.159,yes,no,no,1,feet
E7,/t/,feet,3,0.145,0.176,0.148,yes,no,no,1,feet
E7,/d/,find,1,0.041,0.008,0.434,yes,yes,no,1,find
E7,/d/,find,2,0.076,0.095,0.346,yes,yes,no,1,find
E7,/d/,fond,1,0.077,0.014,0.432,yes,yes,no,1,fond
E7,/d/,fond,2,0.018,0.124,0.303,yes,yes,no,1,fond
E7,/d/,gild,1,0.141,0.027,0.284,yes,yes,no,1,gild
E7,/d/,gild,2,0.107,0.023,0.331,yes,yes,no,1,gild
E7,/d/,gild,3,0.12,0.122,0.231,yes,yes,no,1,gild
E7,/d/,god,1,0.038,0.056,0.307,yes,no,no,1,god
E7,/d/,god,2,0.059,0.023,0.269,yes,no,no,1,god
E7,/d/,god,3,0.023,0.044,0.212,yes,no,no,1,god
E7,/d/,good,1,0.047,0.076,0.165,yes,no,no,1,good
E7,/d/,good,2,0.065,0.047,0.194,yes,no,no,1,good
E7,/d/,killed,1,0.083,0.044,0.316,yes,yes,no,1,killed
E7,/d/,killed,2,0.103,0.036,0.35,yes,yes,no,1,killed
E7,/d/,killed,3,0.065,0.151,0.227,yes,yes,no,1,killed
E7,/d/,lad,1,0.104,0.065,0.233,yes,no,yes,1,lad
E7,/t/,neat,1,0.155,0.158,0.178,yes,no,yes,1,neat
E7,/t/,neat,2,0.079,0.202,0.193,yes,no,yes,1,neat
E7,/t/,neat,3,0.145,0.17,0.156,yes,no,yes,1,neat
E7,/d/,need,1,0.045,0.066,0.271,yes,no,yes,1,need
E7,/d/,need,2,0.054,0.064,0.315,yes,no,yes,1,need
E7,/d/,need,3,0.079,0.074,0.26,yes,no,yes,1,need
E7,/t/,night,1,0.159,0.124,0.207,yes,no,yes,1,night
E7,/t/,night,2,0.145,0.13,0.225,yes,no,yes,1,night
E7,/t/,night,3,0.174,0.197,0.204,yes,no,yes,1,night
E7,/d/,pond,1,0.058,0.007,0.404,yes,yes,no,1,pond
E7,/d/,pond,2,0.061,0.225,0.291,yes,yes,no,1,pond
E7,/d/,pound,1,0.03,0.024,0.394,yes,yes,no,1,pound
E7,/d/,pound,2,0.088,0.164,0.298,yes,yes,no,1,pound
E7,/d/,ride,1,0.073,0.055,0.304,yes,no,yes,1,ride
E7,/d/,ride,2,0.096,0.055,0.233,yes,no,yes,1,ride
E7,/d/,ride,3,0.062,0.093,0.238,yes,no,yes,1,ride
E7,/d/,rod,1,0.064,0.063,0.223,yes,no,yes,1,rod
E7,/d/,rod,2,0.055,0.084,0.232,yes,no,yes,1,rod
E7,/d/,rode,1,0.072,0.073,0.187,yes,no,yes,1,rode
E7,/d/,rode,2,0.089,0.061,0.184,yes,no,yes,1,rode
E7,/d/,rode,3,0.089,0.121,0.192,yes,no,yes,1,rode
E7,/d/,sad,1,0.061,0.074,0.316,yes,no,no,1,sad
E7,/d/,sad,2,0.115,0.053,0.333,yes,no,no,1,sad
E7,/d/,sad,3,0.076,0.071,0.313,yes,no,no,1,sad
E7,/d/,said,1,0.079,0.077,0.233,yes,no,no,1,said
E7,/d/,said,2,0.113,0.087,0.253,yes,no,no,1,said
E7,/d/,said,3,0.107,0.098,0.231,yes,no,no,1,said
E7,/t/,silt,1,0.141,0.111,0.162,yes,yes,no,1,silt
E7,/t/,silt,2,0.158,0.09,0.196,yes,yes,no,1,silt
E7,/t/,silt,3,0.12,0.167,0.139,yes,yes,no,1,silt
E7,/d/,slide,1,0.061,0.059,0.188,yes,no,no,1,slide
E7,/t/,soot,1,0.146,0.187,0.132,yes,no,no,1,soot
E7,/t/,vet,1,0.026,0.025,0.175,yes,no,no,1,vet
E7,/t/,white,1,0.011,0.069,0.155,yes,no,no,1,white
E9,/d/,bad,1,0.089,0.059,0.256,yes,no,no,1,bad
E9,/d/,bad,2,0.061,0.059,0.271,yes,no,no,1,bad
E9,/d/,bad,3,0.097,0.046,0.261,yes,no,no,1,bad
E9,/d/,bed,1,0.122,0.063,0.17,yes,no,no,1,bed
E9,/d/,bed,2,0.119,0.061,0.206,yes,no,no,1,bed
E9,/d/,bed,3,0.084,0.057,0.17,yes,no,no,1,bed
E9,/d/,bud,1,0.084,0.065,0.181,yes,no,no,1,bud
E9,/d/,bud,2,0.06,0.07,0.182,yes,no,no,1,bud
E9,/d/,bud,3,0.059,0.085,0.157,yes,no,no,1,bud
E9,/t/,but,1,0.119,0.131,0.145,yes,no,no,1,but
E9,/t/,but,2,0.149,0.112,0.167,yes,no,no,1,but
E9,/t/,but,3,0.202,0.115,0.151,yes,no,no,1,but
E9,/d/,cooed,1,0.036,0.073,0.235,yes,no,no,1,cooed
E9,/d/,cooed,2,0.035,0.094,0.278,yes,no,no,1,cooed
E9,/t/,cut,1,0.122,0.115,0.111,yes,no,no,1,cut
E9,/t/,cut,2,0.124,0.104,0.133,yes,no,no,1,cut
E9,/t/,cut,3,0.135,0.101,0.124,yes,no,no,1,cut
E9,/d/,feed,1,0.046,0.069,0.216,yes,no,no,1,feed
E9,/d/,feed,2,0.144,0.052,0.222,yes,no,no,1,feed
E9,/d/,feed,3,0.051,0.073,0.201,yes,no,no,1,feed
E9,/t/,feet,1,0.176,0.105,0.141,yes,no,no,1,feet
E9,/t/,feet,2,0.181,0.112,0.155,yes,no,no,1,feet
E9,/t/,feet,3,0.133,0.105,0.143,yes,no,no,1,feet
E9,/d/,find,1,0.093,0.041,0.357,yes,yes,no,1,find
E9,/d/,find,2,0.136,0.027,0.386,yes,yes,no,1,find
E9,/d/,find,3,0.069,0.029,0.309,yes,yes,no,1,find
E9,/d/,fond,1,0.041,0.054,0.326,yes,yes,no,1,fond
E9,/d/,fond,2,0.077,0.049,0.353,yes,yes,no,1,fond
E9,/d/,fond,3,0.059,0.056,0.326,yes,yes,no,1,fond
E9,/d/,gild,1,0.089,0.064,0.241,yes,yes,no,1,gild
E9,/d/,gild,2,0.017,0.084,0.283,yes,yes,no,1,gild
E9,/d/,gild,3,0.042,0.054,0.219,yes,yes,no,1,gild
E9,/d/,god,1,0.062,0.078,0.263,yes,no,no,1,god
E9,/d/,god,2,0.08,0.068,0.28,yes,no,no,1,god
E9,/d/,god,3,0.086,0.068,0.235,yes,no,no,1,god
E9,/d/,good,1,0.06,0.071,0.153,yes,no,no,1,good
E9,/d/,good,2,0.111,0.057,0.191,yes,no,no,1,good
E9,/d/,good,3,0.047,0.058,0.161,yes,no,no,1,good
E9,/t/,got,1,0.193,0.186,0.126,yes,no,no,1,got
E9,/t/,got,2,0.212,0.119,0.212,yes,no,no,1,got
E9,/t/,got,3,0.142,0.142,0.21,yes,no,no,1,got
E9,/d/,killed,1,0.104,0.082,0.206,yes,yes,no,1,killed
E9,/d/,killed,2,0.087,0.069,0.274,yes,yes,no,1,killed
E9,/d/,killed,3,0.117,0.055,0.253,yes,yes,no,1,killed
E9,/d/,lad,1,0.029,0.054,0.271,yes,no,yes,1,lad
E9,/d/,lad,2,0.105,0.073,0.244,yes,no,yes,1,lad
E9,/d/,lad,3,0.098,0.026,0.244,yes,no,yes,1,lad
E9,/t/,neat,1,0.145,0.141,0.124,yes,no,yes,1,neat
E9,/t/,neat,2,0.228,0.12,0.158,yes,no,yes,1,neat
E9,/t/,neat,3,0.139,0.135,0.129,yes,no,yes,1,neat
E9,/d/,need,1,0.035,0.05,0.226,yes,no,yes,1,need
E9,/d/,need,2,0.02,0.074,0.233,yes,no,yes,1,need
E9,/d/,need,3,0.076,0.054,0.236,yes,no,yes,1,need
E9,/t/,pet,1,0.11,0.115,0.126,yes,no,no,1,pet
E9,/t/,pet,2,0.139,0.129,0.141,yes,no,no,1,pet
E9,/t/,pet,3,0.008,0.087,0.138,yes,no,no,1,pet
E9,/d/,pond,1,0.058,0.039,0.303,yes,yes,no,1,pond
E9,/d/,pond,2,0.1,0.073,0.314,yes,yes,no,1,pond
E9,/d/,pond,3,0.092,0.037,0.269,yes,yes,no,1,pond
E9,/t/,pot,1,0.106,0.128,0.181,yes,no,no,1,pot
E9,/t/,pot,2,0.042,0.134,0.192,yes,no,no,1,pot
E9,/d/,pound,1,0.08,0.031,0.298,yes,yes,no,1,pound
E9,/d/,pound,2,0.077,0.03,0.32,yes,yes,no,1,pound
E9,/d/,pound,3,0.052,0.034,0.269,yes,yes,no,1,pound
E9,/d/,ride,1,0.062,0.072,0.293,yes,no,yes,1,ride
E9,/d/,ride,2,0.066,0.019,0.292,yes,no,yes,1,ride
E9,/d/,ride,3,0.097,0.045,0.221,yes,no,yes,1,ride
E9,/d/,rod,1,0.022,0.06,0.207,yes,no,yes,1,rod
E9,/d/,rod,2,0.104,0.053,0.217,yes,no,yes,1,rod
E9,/d/,rod,3,0.12,0.038,0.252,yes,no,yes,1,rod
E9,/d/,rode,1,0.161,0.03,0.199,yes,no,yes,1,rode
E9,/d/,rode,2,0.093,0.035,0.2,yes,no,yes,1,rode
E9,/d/,rode,3,0.149,0.034,0.17,yes,no,yes,1,rode
E9,/d/,sad,1,0.067,0.058,0.28,yes,no,no,1,sad
E9,/d/,sad,2,0.108,0.058,0.268,yes,no,no,1,sad
E9,/d/,sad,3,0.096,0.051,0.269,yes,no,no,1,sad
E9,/d/,said,1,0.032,0.066,0.186,yes,no,no,1,said
E9,/d/,said,2,0.051,0.05,0.182,yes,no,no,1,said
E9,/d/,said,3,0.049,0.054,0.176,yes,no,no,1,said
E9,/d/,slide,1,0.014,0.046,0.282,yes,no,no,1,slide
E9,/d/,slide,2,0.046,0.051,0.227,yes,no,no,1,slide
E9,/d/,slide,3,0.087,0.043,0.222,yes,no,no,1,slide
E9,/t/,soot,1,0.058,0.133,0.126,yes,no,no,1,soot