Speaker,Sound,Word,set,burst,closure,vowel,phon_ctxt_stress,syllable,Item.Word,onset_has_nasal,onset_has_lateral,onset_has_rhotic,coda_has_nasal,coda_has_lateral,coda_has_rhotic,has_long_vowel,Syllable_duration,Word_duration
E1,/d/,bad,1,0.058,0.038,0.259,yes,1,bad,no,no,no,no,no,no,no,0.374,0.374
E1,/d/,bad,2,0.161,0.039,0.266,yes,1,bad,no,no,no,no,no,no,no,0.478,0.478
E1,/d/,bad,3,0.124,0.039,0.241,yes,1,bad,no,no,no,no,no,no,no,0.434,0.434
E1,/d/,bed,1,0.071,0.017,0.18,yes,1,bed,no,no,no,no,no,no,no,0.295,0.295
E1,/d/,bed,2,0.186,0.009,0.171,yes,1,bed,no,no,no,no,no,no,no,0.391,0.391
E1,/d/,bed,3,0.164,0.024,0.181,yes,1,bed,no,no,no,no,no,no,no,0.388,0.388
E1,/d/,bud,1,0.042,0.03,0.153,yes,1,bud,no,no,no,no,no,no,no,0.282,0.282
E1,/d/,bud,2,0.115,0.02,0.204,yes,1,bud,no,no,no,no,no,no,no,0.405,0.405
E1,/d/,bud,3,0.137,0.028,0.15,yes,1,bud,no,no,no,no,no,no,no,0.332,0.332
E1,/t/,but,1,0.13,0.082,0.116,yes,1,but,no,no,no,no,no,no,no,0.353,0.353
E1,/t/,but,2,0.107,0.084,0.134,yes,1,but,no,no,no,no,no,no,no,0.351,0.351
E1,/t/,but,3,0.126,0.091,0.134,yes,1,but,no,no,no,no,no,no,no,0.374,0.374
E1,/d/,cooed,1,0.082,0.028,0.175,yes,1,cooed,no,no,no,no,no,no,no,0.38,0.38
E1,/d/,cooed,2,0.152,0.026,0.2,yes,1,cooed,no,no,no,no,no,no,no,0.437,0.437
E1,/d/,cooed,3,0.073,0.033,0.182,yes,1,cooed,no,no,no,no,no,no,no,0.373,0.373
E1,/t/,cut,1,0.127,0.11,0.111,yes,1,cut,no,no,no,no,no,no,no,0.39,0.39
E1,/t/,cut,2,0.176,0.082,0.118,yes,1,cut,no,no,no,no,no,no,no,0.44,0.44
E1,/t/,cut,3,0.118,0.085,0.116,yes,1,cut,no,no,no,no,no,no,no,0.38,0.38
E1,/d/,feed,1,0.104,0.03,0.184,yes,1,feed,no,no,no,no,no,no,no,0.371,0.371
E1,/d/,feed,2,0.102,0.019,0.184,yes,1,feed,no,no,no,no,no,no,no,0.541,0.541
E1,/d/,feed,3,0.114,0.017,0.194,yes,1,feed,no,no,no,no,no,no,no,0.473,0.473
E1,/t/,feet,1,0.125,0.081,0.134,yes,1,feet,no,no,no,no,no,no,no,0.481,0.481
E1,/t/,feet,2,0.101,0.071,0.143,yes,1,feet,no,no,no,no,no,no,no,0.462,0.462
E1,/t/,feet,3,0.108,0.073,0.126,yes,1,feet,no,no,no,no,no,no,no,0.422,0.422
E1,/d/,find,1,0.054,0.026,0.266,yes,1,find,no,no,no,yes,no,no,yes,0.478,0.478
E1,/d/,find,2,0.152,0.049,0.265,yes,1,find,no,no,no,yes,no,no,yes,0.628,0.628
E1,/d/,find,3,0.068,0.014,0.244,yes,1,find,no,no,no,yes,no,no,yes,0.447,0.447
E1,/d/,fond,1,0.073,0.021,0.239,yes,1,fond,no,no,no,yes,no,no,no,0.459,0.459
E1,/d/,fond,2,0.128,0.03,0.294,yes,1,fond,no,no,no,yes,no,no,no,0.606,0.606
E1,/d/,fond,3,0.111,0.022,0.255,yes,1,fond,no,no,no,yes,no,no,no,0.537,0.537
E1,/d/,gild,1,0.152,0.07,0.207,yes,1,gild,no,no,no,no,yes,no,no,0.458,0.458
E1,/d/,gild,2,0.119,0.062,0.207,yes,1,gild,no,no,no,no,yes,no,no,0.415,0.415
E1,/d/,gild,3,0.133,0.067,0.193,yes,1,gild,no,no,no,no,yes,no,no,0.427,0.427
E1,/d/,god,1,0.107,0.005,0.22,yes,1,god,no,no,no,no,no,no,no,0.37,0.37
E1,/d/,god,2,0.126,0.02,0.197,yes,1,god,no,no,no,no,no,no,no,0.384,0.384
E1,/d/,god,3,0.123,0.017,0.193,yes,1,god,no,no,no,no,no,no,no,0.366,0.366
E1,/d/,good,1,0.104,0.038,0.148,yes,1,good,no,no,no,no,no,no,no,0.332,0.332
E1,/d/,good,2,0.131,0.038,0.154,yes,1,good,no,no,no,no,no,no,no,0.359,0.359
E1,/d/,good,3,0.146,0.022,0.154,yes,1,good,no,no,no,no,no,no,no,0.353,0.353
E1,/t/,got,1,0.084,0.088,0.144,yes,1,got,no,no,no,no,no,no,no,0.348,0.348
E1,/t/,got,2,0.094,0.096,0.153,yes,1,got,no,no,no,no,no,no,no,0.372,0.372
E1,/t/,got,3,0.143,0.114,0.149,yes,1,got,no,no,no,no,no,no,no,0.445,0.445
E1,/d/,killed,1,0.069,0.052,0.176,yes,1,killed,no,no,no,no,yes,no,no,0.358,0.358
E1,/d/,killed,2,0.167,0.056,0.176,yes,1,killed,no,no,no,no,yes,no,no,0.459,0.459
E1,/d/,killed,3,0.137,0.035,0.206,yes,1,killed,no,no,no,no,yes,no,no,0.431,0.431
E1,/d/,lad,1,0.078,0.024,0.182,yes,1,lad,no,yes,no,no,no,no,no,0.327,0.327
E1,/d/,lad,2,0.169,0.014,0.126,yes,1,lad,no,yes,no,no,no,no,no,0.412,0.412
E1,/d/,lad,3,0.079,0.094,0.137,yes,1,lad,no,yes,no,no,no,no,no,0.354,0.354
E1,/t/,late,1,0.146,0.078,0.081,yes,1,late,no,yes,no,no,no,no,no,0.448,0.448
E1,/t/,neat,1,0.163,0.068,0.131,yes,1,neat,yes,no,no,no,no,no,no,0.442,0.442
E1,/t/,neat,2,0.154,0.088,0.152,yes,1,neat,yes,no,no,no,no,no,no,0.466,0.466
E1,/d/,need,1,0.053,0.043,0.179,yes,1,need,yes,no,no,no,no,no,no,0.374,0.374
E1,/d/,need,2,0.097,0.05,0.193,yes,1,need,yes,no,no,no,no,no,no,0.447,0.447
E1,/d/,need,3,0.097,0.027,0.19,yes,1,need,yes,no,no,no,no,no,no,0.455,0.455
E1,/t/,night,1,0.17,0.076,0.112,yes,1,night,yes,no,no,no,no,no,yes,0.444,0.444
E1,/t/,night,2,0.161,0.078,0.145,yes,1,night,yes,no,no,no,no,no,yes,0.472,0.472
E1,/t/,night,3,0.13,0.104,0.148,yes,1,night,yes,no,no,no,no,no,yes,0.431,0.431
E1,/t/,not,1,0.098,0.146,0.092,yes,1,not,yes,no,no,no,no,no,no,0.458,0.458
E1,/t/,not,2,0.108,0.15,0.104,yes,1,not,yes,no,no,no,no,no,no,0.473,0.473
E1,/t/,not,3,0.126,0.152,0.156,yes,1,not,yes,no,no,no,no,no,no,0.531,0.531
E1,/t/,pat,1,0.023,0.078,0.129,yes,1,pat,no,no,no,no,no,no,no,0.292,0.292
E1,/t/,pat,2,0.136,0.121,0.133,yes,1,pat,no,no,no,no,no,no,no,0.445,0.445
E1,/t/,pat,3,0.113,0.105,0.125,yes,1,pat,no,no,no,no,no,no,no,0.414,0.414
E1,/t/,pet,1,0.115,0.053,0.124,yes,1,pet,no,no,no,no,no,no,no,0.365,0.365
E1,/t/,pet,2,0.116,0.124,0.123,yes,1,pet,no,no,no,no,no,no,no,0.413,0.413
E1,/t/,pet,3,0.101,0.104,0.131,yes,1,pet,no,no,no,no,no,no,no,0.391,0.391
E1,/d/,pond,1,0.042,0.02,0.217,yes,1,pond,no,no,no,yes,no,no,no,0.323,0.323
E1,/d/,pond,2,0.093,0.016,0.241,yes,1,pond,no,no,no,yes,no,no,no,0.414,0.414
E1,/d/,pond,3,0.116,0.017,0.236,yes,1,pond,no,no,no,yes,no,no,no,0.413,0.413
E1,/t/,pot,1,0.106,0.115,0.13,yes,1,pot,no,no,no,no,no,no,no,0.429,0.429
E1,/t/,pot,2,0.131,0.099,0.146,yes,1,pot,no,no,no,no,no,no,no,0.455,0.455
E1,/t/,pot,3,0.128,0.105,0.144,yes,1,pot,no,no,no,no,no,no,no,0.465,0.465
E1,/d/,pound,1,0.073,0.043,0.24,yes,1,pound,no,no,no,yes,no,no,yes,0.482,0.482
E1,/d/,pound,2,0.091,0.038,0.248,yes,1,pound,no,no,no,yes,no,no,yes,0.506,0.506
E1,/d/,pound,3,0.087,0.018,0.196,yes,1,pound,no,no,no,yes,no,no,yes,0.412,0.412
E1,/t/,pout,1,0.135,0.077,0.133,yes,1,pout,no,no,no,no,no,no,yes,0.455,0.455
E1,/t/,pout,2,0.138,0.075,0.111,yes,1,pout,no,no,no,no,no,no,yes,0.451,0.451
E1,/t/,pout,3,0.123,0.081,0.131,yes,1,pout,no,no,no,no,no,no,yes,0.43,0.43
E1,/t/,put,1,0.104,0.111,0.095,yes,1,put,no,no,no,no,no,no,no,0.355,0.355
E1,/t/,put,2,0.101,0.119,0.082,yes,1,put,no,no,no,no,no,no,no,0.385,0.385
E1,/t/,put,3,0.121,0.098,0.099,yes,1,put,no,no,no,no,no,no,no,0.388,0.388
E1,/d/,ride,1,0.043,0.025,0.164,yes,1,ride,no,no,yes,no,no,no,yes,0.327,0.327
E1,/d/,ride,2,0.098,0.036,0.102,yes,1,ride,no,no,yes,no,no,no,yes,0.391,0.391
E1,/d/,ride,3,0.086,0.043,0.103,yes,1,ride,no,no,yes,no,no,no,yes,0.359,0.359
E1,/d/,rode,1,0.123,0.014,0.142,yes,1,rode,no,no,yes,no,no,no,no,0.407,0.407
E1,/d/,rode,2,0.105,0.031,0.138,yes,1,rode,no,no,yes,no,no,no,no,0.441,0.441
E1,/d/,rode,3,0.084,0.05,0.139,yes,1,rode,no,no,yes,no,no,no,no,0.366,0.366
E1,/d/,sad,1,0.044,0.027,0.195,yes,1,sad,no,no,no,no,no,no,no,0.428,0.428
E1,/d/,sad,2,0.143,0.022,0.246,yes,1,sad,no,no,no,no,no,no,no,0.637,0.637
E1,/d/,sad,3,0.088,0.033,0.22,yes,1,sad,no,no,no,no,no,no,no,0.597,0.597
E1,/d/,said,1,0.055,0.025,0.159,yes,1,said,no,no,no,no,no,no,no,0.389,0.389
E1,/d/,said,2,0.11,0.022,0.153,yes,1,said,no,no,no,no,no,no,no,0.507,0.507
E1,/t/,shout,1,0.025,0.079,0.156,yes,1,shout,no,no,no,no,no,no,yes,0.451,0.451
E1,/t/,shout,2,0.111,0.086,0.151,yes,1,shout,no,no,no,no,no,no,yes,0.601,0.601
E1,/t/,shout,3,0.111,0.063,0.144,yes,1,shout,no,no,no,no,no,no,yes,0.57,0.57
E1,/t/,silt,1,0.113,0.106,0.093,yes,1,silt,no,no,no,no,yes,no,no,0.479,0.479
E1,/t/,silt,2,0.178,0.065,0.106,yes,1,silt,no,no,no,no,yes,no,no,0.58,0.58
E1,/t/,silt,3,0.071,0.085,0.114,yes,1,silt,no,no,no,no,yes,no,no,0.53,0.53
E1,/d/,slide,1,0.066,0.015,0.174,yes,1,slide,no,no,no,no,no,no,yes,0.472,0.472
E1,/t/,soot,1,0.02,0.096,0.088,yes,1,soot,no,no,no,no,no,no,no,0.414,0.414
E1,/t/,soot,2,0.118,0.098,0.088,yes,1,soot,no,no,no,no,no,no,no,0.555,0.555
E1,/t/,soot,3,0.122,0.095,0.097,yes,1,soot,no,no,no,no,no,no,no,0.504,0.504
E1,/t/,vet,1,0.119,0.106,0.086,yes,1,vet,no,no,no,no,no,no,no,0.426,0.426
E1,/t/,vet,2,0.117,0.118,0.107,yes,1,vet,no,no,no,no,no,no,no,0.452,0.452
E1,/t/,vet,3,0.169,0.108,0.112,yes,1,vet,no,no,no,no,no,no,no,0.451,0.451
E1,/t/,wait,1,0.103,0.072,0.087,yes,1,wait,no,no,no,no,no,no,no,0.33,0.33
E1,/t/,wait,2,0.101,0.087,0.081,yes,1,wait,no,no,no,no,no,no,no,0.36,0.36
E1,/t/,wait,3,0.09,0.083,0.097,yes,1,wait,no,no,no,no,no,no,no,0.349,0.349
E1,/t/,white,1,0.126,0.091,0.084,yes,1,white,no,no,no,no,no,no,yes,0.361,0.361
E1,/t/,white,2,0.191,0.089,0.069,yes,1,white,no,no,no,no,no,no,yes,0.427,0.427
E1,/t/,white,3,0.167,0.1,0.063,yes,1,white,no,no,no,no,no,no,yes,0.438,0.438
E10,/d/,bad,1,0.092,0.038,0.322,yes,1,bad,no,no,no,no,no,no,no,0.476,0.476
E10,/d/,bad,2,0.069,0.052,0.355,yes,1,bad,no,no,no,no,no,no,no,0.491,0.491
E10,/d/,bad,3,0.099,0.038,0.306,yes,1,bad,no,no,no,no,no,no,no,0.458,0.458
E10,/d/,bed,1,0.094,0.051,0.188,yes,1,bed,no,no,no,no,no,no,no,0.349,0.349
E10,/d/,bed,2,0.116,0.059,0.177,yes,1,bed,no,no,no,no,no,no,no,0.37,0.37
E10,/d/,bed,3,0.115,0.058,0.174,yes,1,bed,no,no,no,no,no,no,no,0.373,0.373
E10,/d/,bud,1,0.098,0.043,0.194,yes,1,bud,no,no,no,no,no,no,no,0.453,0.453
E10,/d/,bud,2,0.107,0.036,0.208,yes,1,bud,no,no,no,no,no,no,no,0.407,0.407
E10,/d/,bud,3,0.083,0.033,0.2,yes,1,bud,no,no,no,no,no,no,no,0.356,0.356
E10,/d/,cooed,1,0.078,0.04,0.291,yes,1,cooed,no,no,no,no,no,no,no,0.54,0.54
E10,/d/,cooed,2,0.111,0.046,0.304,yes,1,cooed,no,no,no,no,no,no,no,0.543,0.543
E10,/d/,cooed,3,0.116,0.038,0.29,yes,1,cooed,no,no,no,no,no,no,no,0.57,0.57
E10,/t/,cut,1,0.147,0.118,0.131,yes,1,cut,no,no,no,no,no,no,no,0.492,0.492
E10,/t/,cut,2,0.165,0.142,0.159,yes,1,cut,no,no,no,no,no,no,no,0.553,0.553
E10,/t/,cut,3,0.192,0.114,0.152,yes,1,cut,no,no,no,no,no,no,no,0.571,0.571
E10,/d/,feed,1,0.106,0.034,0.241,yes,1,feed,no,no,no,no,no,no,no,0.426,0.426
E10,/d/,feed,2,0.129,0.041,0.239,yes,1,feed,no,no,no,no,no,no,no,0.496,0.496
E10,/d/,feed,3,0.1,0.032,0.23,yes,1,feed,no,no,no,no,no,no,no,0.407,0.407
E10,/t/,feet,1,0.125,0.125,0.12,yes,1,feet,no,no,no,no,no,no,no,0.425,0.425
E10,/t/,feet,2,0.144,0.12,0.127,yes,1,feet,no,no,no,no,no,no,no,0.457,0.457
E10,/t/,feet,3,0.087,0.106,0.134,yes,1,feet,no,no,no,no,no,no,no,0.379,0.379
E10,/d/,gild,1,0.114,0.076,0.326,yes,1,gild,no,no,no,no,yes,no,no,0.646,0.646
E10,/d/,gild,2,0.127,0.043,0.346,yes,1,gild,no,no,no,no,yes,no,no,0.644,0.644
E10,/d/,god,1,0.088,0.047,0.274,yes,1,god,no,no,no,no,no,no,no,0.446,0.446
E10,/d/,god,2,0.087,0.034,0.303,yes,1,god,no,no,no,no,no,no,no,0.453,0.453
E10,/d/,god,3,0.09,0.023,0.282,yes,1,god,no,no,no,no,no,no,no,0.424,0.424
E10,/d/,good,1,0.116,0.045,0.18,yes,1,good,no,no,no,no,no,no,no,0.468,0.468
E10,/d/,good,2,0.136,0.062,0.191,yes,1,good,no,no,no,no,no,no,no,0.424,0.424
E10,/d/,good,3,0.123,0.07,0.172,yes,1,good,no,no,no,no,no,no,no,0.399,0.399
E10,/t/,got,1,0.095,0.117,0.208,yes,1,got,no,no,no,no,no,no,no,0.448,0.448
E10,/t/,got,2,0.088,0.111,0.229,yes,1,got,no,no,no,no,no,no,no,0.456,0.456
E10,/t/,got,3,0.095,0.138,0.222,yes,1,got,no,no,no,no,no,no,no,0.484,0.484
E10,/d/,killed,1,0.119,0.023,0.225,yes,1,killed,no,no,no,no,yes,no,no,0.461,0.461
E10,/d/,killed,2,0.11,0.024,0.214,yes,1,killed,no,no,no,no,yes,no,no,0.495,0.495
E10,/d/,killed,3,0.101,0.036,0.247,yes,1,killed,no,no,no,no,yes,no,no,0.483,0.483
E10,/d/,lad,1,0.068,0.044,0.265,yes,1,lad,no,yes,no,no,no,no,no,0.46,0.46
E10,/d/,lad,2,0.088,0.05,0.25,yes,1,lad,no,yes,no,no,no,no,no,0.489,0.489
E10,/d/,lad,3,0.09,0.054,0.216,yes,1,lad,no,yes,no,no,no,no,no,0.423,0.423
E10,/t/,late,1,0.178,0.121,0.173,yes,1,late,no,yes,no,no,no,no,no,0.534,0.534
E10,/t/,late,2,0.137,0.121,0.149,yes,1,late,no,yes,no,no,no,no,no,0.509,0.509
E10,/t/,late,3,0.132,0.123,0.139,yes,1,late,no,yes,no,no,no,no,no,0.454,0.454
E10,/t/,neat,1,0.086,0.125,0.132,yes,1,neat,yes,no,no,no,no,no,no,0.44,0.44
E10,/t/,neat,2,0.089,0.126,0.14,yes,1,neat,yes,no,no,no,no,no,no,0.465,0.465
E10,/t/,neat,3,0.083,0.119,0.128,yes,1,neat,yes,no,no,no,no,no,no,0.46,0.46
E10,/d/,need,1,0.089,0.037,0.226,yes,1,need,yes,no,no,no,no,no,no,0.493,0.493
E10,/d/,need,2,0.095,0.044,0.235,yes,1,need,yes,no,no,no,no,no,no,0.508,0.508
E10,/d/,need,3,0.104,0.029,0.209,yes,1,need,yes,no,no,no,no,no,no,0.444,0.444
E10,/t/,night,1,0.084,0.106,0.204,yes,1,night,yes,no,no,no,no,no,yes,0.493,0.493
E10,/t/,night,2,0.146,0.122,0.209,yes,1,night,yes,no,no,no,no,no,yes,0.571,0.571
E10,/t/,night,3,0.133,0.135,0.223,yes,1,night,yes,no,no,no,no,no,yes,0.608,0.608
E10,/t/,not,1,0.093,0.14,0.195,yes,1,not,yes,no,no,no,no,no,no,0.521,0.521
E10,/t/,not,2,0.086,0.107,0.216,yes,1,not,yes,no,no,no,no,no,no,0.545,0.545
E10,/t/,not,3,0.076,0.123,0.215,yes,1,not,yes,no,no,no,no,no,no,0.515,0.515
E10,/t/,pat,1,0.116,0.124,0.191,yes,1,pat,no,no,no,no,no,no,no,0.49,0.49
E10,/t/,pat,2,0.105,0.159,0.232,yes,1,pat,no,no,no,no,no,no,no,0.567,0.567
E10,/t/,pat,3,0.11,0.196,0.121,yes,1,pat,no,no,no,no,no,no,no,0.591,0.591
E10,/t/,pet,1,0.188,0.161,0.12,yes,1,pet,no,no,no,no,no,no,no,0.541,0.541
E10,/t/,pet,2,0.158,0.197,0.135,yes,1,pet,no,no,no,no,no,no,no,0.539,0.539
E10,/t/,pet,3,0.197,0.161,0.088,yes,1,pet,no,no,no,no,no,no,no,0.619,0.619
E10,/t/,pot,1,0.133,0.155,0.173,yes,1,pot,no,no,no,no,no,no,no,0.533,0.533
E10,/t/,pot,2,0.112,0.149,0.161,yes,1,pot,no,no,no,no,no,no,no,0.543,0.543
E10,/t/,pot,3,0.176,0.122,0.155,yes,1,pot,no,no,no,no,no,no,no,0.581,0.581
E10,/t/,pout,1,0.19,0.113,0.208,yes,1,pout,no,no,no,no,no,no,yes,0.62,0.62
E10,/t/,pout,2,0.138,0.146,0.163,yes,1,pout,no,no,no,no,no,no,yes,0.559,0.559
E10,/t/,pout,3,0.118,0.096,0.19,yes,1,pout,no,no,no,no,no,no,yes,0.473,0.473
E10,/t/,put,1,0.133,0.173,0.127,yes,1,put,no,no,no,no,no,no,no,0.492,0.492
E10,/t/,put,2,0.12,0.143,0.116,yes,1,put,no,no,no,no,no,no,no,0.46,0.46
E10,/t/,put,3,0.116,0.169,0.091,yes,1,put,no,no,no,no,no,no,no,0.449,0.449
E10,/d/,ride,1,0.055,0.052,0.294,yes,1,ride,no,no,yes,no,no,no,yes,0.564,0.564
E10,/d/,ride,2,0.12,0.043,0.281,yes,1,ride,no,no,yes,no,no,no,yes,0.55,0.55
E10,/d/,ride,3,0.133,0.056,0.217,yes,1,ride,no,no,yes,no,no,no,yes,0.525,0.525
E10,/d/,rod,1,0.1,0.038,0.3,yes,1,rod,no,no,yes,no,no,no,no,0.562,0.562
E10,/d/,rod,2,0.144,0.063,0.227,yes,1,rod,no,no,yes,no,no,no,no,0.62,0.62
E10,/d/,rod,3,0.102,0.042,0.211,yes,1,rod,no,no,yes,no,no,no,no,0.5,0.5
E10,/d/,rode,1,0.199,0.026,0.265,yes,1,rode,no,no,yes,no,no,no,no,0.623,0.623
E10,/d/,rode,2,0.2,0.042,0.223,yes,1,rode,no,no,yes,no,no,no,no,0.683,0.683
E10,/d/,rode,3,0.16,0.041,0.203,yes,1,rode,no,no,yes,no,no,no,no,0.599,0.599
E10,/d/,sad,1,0.103,0.042,0.294,yes,1,sad,no,no,no,no,no,no,no,0.639,0.639
E10,/d/,sad,2,0.069,0.048,0.323,yes,1,sad,no,no,no,no,no,no,no,0.615,0.615
E10,/d/,sad,3,0.106,0.034,0.302,yes,1,sad,no,no,no,no,no,no,no,0.609,0.609
E10,/d/,said,1,0.058,0.051,0.184,yes,1,said,no,no,no,no,no,no,no,0.497,0.497
E10,/d/,said,2,0.108,0.059,0.198,yes,1,said,no,no,no,no,no,no,no,0.55,0.55
E10,/d/,said,3,0.082,0.059,0.154,yes,1,said,no,no,no,no,no,no,no,0.476,0.476
E10,/t/,shot,1,0.091,0.162,0.171,yes,1,shot,no,no,no,no,no,no,no,0.604,0.604
E10,/t/,shot,2,0.105,0.124,0.185,yes,1,shot,no,no,no,no,no,no,no,0.658,0.658
E10,/t/,shot,3,0.076,0.116,0.19,yes,1,shot,no,no,no,no,no,no,no,0.629,0.629
E10,/t/,shout,1,0.136,0.129,0.246,yes,1,shout,no,no,no,no,no,no,yes,0.748,0.748
E10,/t/,shout,2,0.142,0.097,0.249,yes,1,shout,no,no,no,no,no,no,yes,0.683,0.683
E10,/t/,shout,3,0.114,0.103,0.196,yes,1,shout,no,no,no,no,no,no,yes,0.594,0.594
E10,/t/,silt,1,0.122,0.161,0.13,yes,1,silt,no,no,no,no,yes,no,no,0.705,0.705
E10,/t/,silt,2,0.117,0.151,0.135,yes,1,silt,no,no,no,no,yes,no,no,0.647,0.647
E10,/t/,silt,3,0.101,0.123,0.153,yes,1,silt,no,no,no,no,yes,no,no,0.616,0.616
E10,/t/,sit,1,0.114,0.131,0.122,yes,1,sit,no,no,no,no,no,no,no,0.618,0.618
E10,/t/,sit,2,0.111,0.139,0.108,yes,1,sit,no,no,no,no,no,no,no,0.568,0.568
E10,/t/,sit,3,0.072,0.132,0.077,yes,1,sit,no,no,no,no,no,no,no,0.528,0.528
E10,/d/,slide,1,0.07,0.046,0.278,yes,1,slide,no,no,no,no,no,no,yes,0.632,0.632
E10,/d/,slide,2,0.116,0.032,0.254,yes,1,slide,no,no,no,no,no,no,yes,0.633,0.633
E10,/d/,slide,3,0.094,0.032,0.237,yes,1,slide,no,no,no,no,no,no,yes,0.619,0.619
E10,/t/,soot,1,0.107,0.128,0.118,yes,1,soot,no,no,no,no,no,no,no,0.621,0.621
E10,/t/,soot,2,0.099,0.116,0.155,yes,1,soot,no,no,no,no,no,no,no,0.572,0.572
E10,/t/,soot,3,0.087,0.122,0.131,yes,1,soot,no,no,no,no,no,no,no,0.545,0.545
E10,/t/,vet,1,0.097,0.101,0.168,yes,1,vet,no,no,no,no,no,no,no,0.473,0.473
E10,/t/,vet,2,0.104,0.115,0.2,yes,1,vet,no,no,no,no,no,no,no,0.539,0.539
E10,/t/,vet,3,0.092,0.147,0.145,yes,1,vet,no,no,no,no,no,no,no,0.531,0.531
E10,/t/,wait,1,0.08,0.167,0.127,yes,1,wait,no,no,no,no,no,no,no,0.491,0.491
E10,/t/,wait,2,0.088,0.187,0.095,yes,1,wait,no,no,no,no,no,no,no,0.49,0.49
E10,/t/,wait,3,0.084,0.168,0.127,yes,1,wait,no,no,no,no,no,no,no,0.546,0.546
E10,/t/,white,1,0.11,0.158,0.127,yes,1,white,no,no,no,no,no,no,yes,0.458,0.458
E10,/t/,white,2,0.09,0.125,0.096,yes,1,white,no,no,no,no,no,no,yes,0.507,0.507
E10,/t/,white,3,0.115,0.143,0.091,yes,1,white,no,no,no,no,no,no,yes,0.509,0.509
E11,/d/,bad,1,0.115,0.089,0.311,yes,1,bad,no,no,no,no,no,no,no,0.538,0.538
E11,/d/,bad,2,0.14,0.089,0.344,yes,1,bad,no,no,no,no,no,no,no,0.586,0.586
E11,/d/,bad,3,0.185,0.081,0.335,yes,1,bad,no,no,no,no,no,no,no,0.613,0.613
E11,/d/,bed,1,0.177,0.096,0.205,yes,1,bed,no,no,no,no,no,no,no,0.498,0.498
E11,/d/,bed,2,0.143,0.102,0.213,yes,1,bed,no,no,no,no,no,no,no,0.472,0.472
E11,/d/,bed,3,0.113,0.108,0.205,yes,1,bed,no,no,no,no,no,no,no,0.437,0.437
E11,/d/,bud,1,0.184,0.109,0.201,yes,1,bud,no,no,no,no,no,no,no,0.533,0.533
E11,/d/,bud,2,0.105,0.144,0.239,yes,1,bud,no,no,no,no,no,no,no,0.516,0.516
E11,/d/,bud,3,0.106,0.111,0.251,yes,1,bud,no,no,no,no,no,no,no,0.508,0.508
E11,/t/,but,1,0.247,0.172,0.137,yes,1,but,no,no,no,no,no,no,no,0.591,0.591
E11,/t/,but,2,0.206,0.173,0.163,yes,1,but,no,no,no,no,no,no,no,0.554,0.554
E11,/t/,but,3,0.19,0.125,0.173,yes,1,but,no,no,no,no,no,no,no,0.523,0.523
E11,/d/,cooed,1,0.149,0.064,0.242,yes,1,cooed,no,no,no,no,no,no,no,0.562,0.562
E11,/d/,cooed,2,0.154,0.085,0.25,yes,1,cooed,no,no,no,no,no,no,no,0.637,0.637
E11,/d/,cooed,3,0.142,0.074,0.265,yes,1,cooed,no,no,no,no,no,no,no,0.606,0.606
E11,/t/,cut,1,0.179,0.132,0.117,yes,1,cut,no,no,no,no,no,no,no,0.541,0.541
E11,/t/,cut,2,0.187,0.129,0.157,yes,1,cut,no,no,no,no,no,no,no,0.59,0.59
E11,/t/,cut,3,0.157,0.134,0.13,yes,1,cut,no,no,no,no,no,no,no,0.536,0.536
E11,/d/,feed,1,0.103,0.077,0.321,yes,1,feed,no,no,no,no,no,no,no,0.731,0.731
E11,/d/,feed,2,0.18,0.099,0.309,yes,1,feed,no,no,no,no,no,no,no,0.761,0.761
E11,/d/,feed,3,0.16,0.109,0.31,yes,1,feed,no,no,no,no,no,no,no,0.782,0.782
E11,/t/,feet,1,0.198,0.152,0.11,yes,1,feet,no,no,no,no,no,no,no,0.683,0.683
E11,/t/,feet,2,0.204,0.169,0.123,yes,1,feet,no,no,no,no,no,no,no,0.682,0.682
E11,/t/,feet,3,0.273,0.117,0.168,yes,1,feet,no,no,no,no,no,no,no,0.708,0.708
E11,/d/,find,1,0.123,0.017,0.449,yes,1,find,no,no,no,yes,no,no,yes,0.734,0.734
E11,/d/,find,2,0.168,0.009,0.466,yes,1,find,no,no,no,yes,no,no,yes,0.894,0.894
E11,/d/,fond,1,0.147,0.015,0.407,yes,1,fond,no,no,no,yes,no,no,no,0.732,0.732
E11,/d/,gild,1,0.194,0.063,0.276,yes,1,gild,no,no,no,no,yes,no,no,0.571,0.571
E11,/d/,gild,2,0.152,0.056,0.311,yes,1,gild,no,no,no,no,yes,no,no,0.542,0.542
E11,/d/,gild,3,0.123,0.057,0.31,yes,1,gild,no,no,no,no,yes,no,no,0.52,0.52
E11,/d/,god,1,0.073,0.091,0.305,yes,1,god,no,no,no,no,no,no,no,0.505,0.505
E11,/d/,god,2,0.112,0.096,0.335,yes,1,god,no,no,no,no,no,no,no,0.578,0.578
E11,/d/,god,3,0.131,0.091,0.367,yes,1,god,no,no,no,no,no,no,no,0.618,0.618
E11,/d/,good,1,0.093,0.089,0.201,yes,1,good,no,no,no,no,no,no,no,0.416,0.416
E11,/d/,good,2,0.155,0.116,0.225,yes,1,good,no,no,no,no,no,no,no,0.529,0.529
E11,/d/,good,3,0.088,0.088,0.229,yes,1,good,no,no,no,no,no,no,no,0.46,0.46
E11,/t/,got,1,0.124,0.146,0.182,yes,1,got,no,no,no,no,no,no,no,0.486,0.486
E11,/t/,got,2,0.238,0.134,0.21,yes,1,got,no,no,no,no,no,no,no,0.618,0.618
E11,/t/,got,3,0.138,0.125,0.229,yes,1,got,no,no,no,no,no,no,no,0.516,0.516
E11,/d/,killed,1,0.177,0.046,0.214,yes,1,killed,no,no,no,no,yes,no,no,0.578,0.578
E11,/d/,killed,2,0.13,0.044,0.275,yes,1,killed,no,no,no,no,yes,no,no,0.576,0.576
E11,/d/,killed,3,0.166,0.048,0.302,yes,1,killed,no,no,no,no,yes,no,no,0.684,0.684
E11,/d/,lad,1,0.125,0.078,0.271,yes,1,lad,no,yes,no,no,no,no,no,0.577,0.577
E11,/d/,lad,2,0.189,0.084,0.273,yes,1,lad,no,yes,no,no,no,no,no,0.663,0.663
E11,/d/,lad,3,0.119,0.088,0.258,yes,1,lad,no,yes,no,no,no,no,no,0.559,0.559
E11,/t/,late,1,0.184,0.084,0.168,yes,1,late,no,yes,no,no,no,no,no,0.55,0.55
E11,/t/,late,2,0.22,0.099,0.16,yes,1,late,no,yes,no,no,no,no,no,0.688,0.688
E11,/t/,late,3,0.242,0.116,0.146,yes,1,late,no,yes,no,no,no,no,no,0.695,0.695
E11,/t/,neat,1,0.198,0.135,0.136,yes,1,neat,yes,no,no,no,no,no,no,0.672,0.672
E11,/t/,neat,2,0.183,0.142,0.162,yes,1,neat,yes,no,no,no,no,no,no,0.604,0.604
E11,/t/,neat,3,0.189,0.135,0.155,yes,1,neat,yes,no,no,no,no,no,no,0.631,0.631
E11,/d/,need,1,0.169,0.078,0.298,yes,1,need,yes,no,no,no,no,no,no,0.656,0.656
E11,/d/,need,2,0.121,0.1,0.283,yes,1,need,yes,no,no,no,no,no,no,0.618,0.618
E11,/d/,need,3,0.144,0.088,0.29,yes,1,need,yes,no,no,no,no,no,no,0.649,0.649
E11,/t/,night,1,0.265,0.124,0.251,yes,1,night,yes,no,no,no,no,no,yes,0.811,0.811
E11,/t/,night,2,0.216,0.154,0.212,yes,1,night,yes,no,no,no,no,no,yes,0.704,0.704
E11,/t/,night,3,0.185,0.13,0.206,yes,1,night,yes,no,no,no,no,no,yes,0.648,0.648
E11,/t/,not,1,0.246,0.123,0.262,yes,1,not,yes,no,no,no,no,no,no,0.773,0.773
E11,/t/,not,2,0.235,0.132,0.269,yes,1,not,yes,no,no,no,no,no,no,0.744,0.744
E11,/t/,not,3,0.207,0.099,0.301,yes,1,not,yes,no,no,no,no,no,no,0.736,0.736
E11,/t/,pat,1,0.193,0.114,0.22,yes,1,pat,no,no,no,no,no,no,no,0.686,0.686
E11,/t/,pat,2,0.208,0.109,0.264,yes,1,pat,no,no,no,no,no,no,no,0.708,0.708
E11,/t/,pat,3,0.206,0.16,0.2,yes,1,pat,no,no,no,no,no,no,no,0.717,0.717
E11,/t/,pet,1,0.2,0.142,0.125,yes,1,pet,no,no,no,no,no,no,no,0.606,0.606
E11,/t/,pet,2,0.25,0.195,0.136,yes,1,pet,no,no,no,no,no,no,no,0.714,0.714
E11,/t/,pet,3,0.224,0.175,0.127,yes,1,pet,no,no,no,no,no,no,no,0.627,0.627
E11,/d/,pond,1,0.058,0.042,0.389,yes,1,pond,no,no,no,yes,no,no,no,0.632,0.632
E11,/d/,pond,2,0.111,0.077,0.383,yes,1,pond,no,no,no,yes,no,no,no,0.704,0.704
E11,/t/,pot,1,0.166,0.113,0.211,yes,1,pot,no,no,no,no,no,no,no,0.601,0.601
E11,/t/,pot,2,0.224,0.123,0.249,yes,1,pot,no,no,no,no,no,no,no,0.697,0.697
E11,/t/,pot,3,0.199,0.118,0.234,yes,1,pot,no,no,no,no,no,no,no,0.68,0.68
E11,/d/,pound,1,0.123,0.023,0.427,yes,1,pound,no,no,no,yes,no,no,yes,0.741,0.741
E11,/d/,pound,2,0.09,0.022,0.456,yes,1,pound,no,no,no,yes,no,no,yes,0.709,0.709
E11,/t/,pout,1,0.278,0.118,0.209,yes,1,pout,no,no,no,no,no,no,yes,0.754,0.754
E11,/t/,pout,2,0.255,0.152,0.183,yes,1,pout,no,no,no,no,no,no,yes,0.715,0.715
E11,/t/,pout,3,0.222,0.149,0.189,yes,1,pout,no,no,no,no,no,no,yes,0.692,0.692
E11,/t/,put,1,0.293,0.106,0.155,yes,1,put,no,no,no,no,no,no,no,0.699,0.699
E11,/t/,put,2,0.272,0.152,0.166,yes,1,put,no,no,no,no,no,no,no,0.685,0.685
E11,/t/,put,3,0.273,0.1,0.156,yes,1,put,no,no,no,no,no,no,no,0.635,0.635
E11,/d/,ride,1,0.153,0.073,0.468,yes,1,ride,no,no,yes,no,no,no,yes,0.869,0.869
E11,/d/,ride,2,0.126,0.062,0.512,yes,1,ride,no,no,yes,no,no,no,yes,0.851,0.851
E11,/d/,ride,3,0.117,0.063,0.531,yes,1,ride,no,no,yes,no,no,no,yes,0.913,0.913
E11,/d/,rod,1,0.133,0.084,0.382,yes,1,rod,no,no,yes,no,no,no,no,0.679,0.679
E11,/d/,rod,2,0.106,0.077,0.386,yes,1,rod,no,no,yes,no,no,no,no,0.783,0.783
E11,/d/,rod,3,0.124,0.097,0.396,yes,1,rod,no,no,yes,no,no,no,no,0.765,0.765
E11,/d/,rode,1,0.111,0.059,0.212,yes,1,rode,no,no,yes,no,no,no,no,0.552,0.552
E11,/d/,rode,2,0.126,0.081,0.168,yes,1,rode,no,no,yes,no,no,no,no,0.63,0.63
E11,/d/,rode,3,0.118,0.081,0.174,yes,1,rode,no,no,yes,no,no,no,no,0.629,0.629
E11,/d/,sad,1,0.15,0.085,0.319,yes,1,sad,no,no,no,no,no,no,no,0.824,0.824
E11,/d/,sad,2,0.16,0.079,0.332,yes,1,sad,no,no,no,no,no,no,no,0.843,0.843
E11,/d/,sad,3,0.077,0.088,0.337,yes,1,sad,no,no,no,no,no,no,no,0.793,0.793
E11,/d/,said,1,0.141,0.107,0.188,yes,1,said,no,no,no,no,no,no,no,0.738,0.738
E11,/d/,said,2,0.147,0.143,0.168,yes,1,said,no,no,no,no,no,no,no,0.757,0.757
E11,/d/,said,3,0.141,0.139,0.185,yes,1,said,no,no,no,no,no,no,no,0.765,0.765
E11,/t/,shot,1,0.211,0.124,0.179,yes,1,shot,no,no,no,no,no,no,no,0.74,0.74
E11,/t/,shot,2,0.203,0.107,0.249,yes,1,shot,no,no,no,no,no,no,no,0.808,0.808
E11,/t/,shot,3,0.149,0.158,0.203,yes,1,shot,no,no,no,no,no,no,no,0.799,0.799
E11,/t/,shout,1,0.177,0.153,0.148,yes,1,shout,no,no,no,no,no,no,yes,0.746,0.746
E11,/t/,shout,2,0.168,0.138,0.196,yes,1,shout,no,no,no,no,no,no,yes,0.75,0.75
E11,/t/,shout,3,0.169,0.147,0.186,yes,1,shout,no,no,no,no,no,no,yes,0.748,0.748
E11,/t/,silt,1,0.195,0.07,0.163,yes,1,silt,no,no,no,no,yes,no,no,0.682,0.682
E11,/t/,silt,2,0.171,0.086,0.192,yes,1,silt,no,no,no,no,yes,no,no,0.684,0.684
E11,/t/,silt,3,0.16,0.088,0.165,yes,1,silt,no,no,no,no,yes,no,no,0.665,0.665
E11,/t/,sit,1,0.188,0.115,0.102,yes,1,sit,no,no,no,no,no,no,no,0.66,0.66
E11,/t/,sit,2,0.16,0.144,0.124,yes,1,sit,no,no,no,no,no,no,no,0.742,0.742
E11,/t/,sit,3,0.156,0.168,0.123,yes,1,sit,no,no,no,no,no,no,no,0.708,0.708
E11,/d/,slide,1,0.094,0.057,0.359,yes,1,slide,no,no,no,no,no,no,yes,0.81,0.81
E11,/d/,slide,2,0.116,0.066,0.352,yes,1,slide,no,no,no,no,no,no,yes,0.796,0.796
E11,/d/,slide,3,0.078,0.057,0.345,yes,1,slide,no,no,no,no,no,no,yes,0.809,0.809
E11,/t/,soot,1,0.19,0.119,0.119,yes,1,soot,no,no,no,no,no,no,no,0.705,0.705
E11,/t/,soot,2,0.171,0.136,0.132,yes,1,soot,no,no,no,no,no,no,no,0.719,0.719
E11,/t/,soot,3,0.198,0.129,0.129,yes,1,soot,no,no,no,no,no,no,no,0.781,0.781
E11,/t/,vet,1,0.262,0.106,0.159,yes,1,vet,no,no,no,no,no,no,no,0.684,0.684
E11,/t/,vet,2,0.211,0.105,0.177,yes,1,vet,no,no,no,no,no,no,no,0.683,0.683
E11,/t/,vet,3,0.23,0.156,0.142,yes,1,vet,no,no,no,no,no,no,no,0.685,0.685
E11,/t/,wait,1,0.249,0.101,0.187,yes,1,wait,no,no,no,no,no,no,no,0.709,0.709
E11,/t/,wait,2,0.227,0.1,0.199,yes,1,wait,no,no,no,no,no,no,no,0.748,0.748
E11,/t/,wait,3,0.205,0.177,0.133,yes,1,wait,no,no,no,no,no,no,no,0.74,0.74
E11,/t/,white,1,0.182,0.15,0.126,yes,1,white,no,no,no,no,no,no,yes,0.671,0.671
E11,/t/,white,2,0.204,0.086,0.177,yes,1,white,no,no,no,no,no,no,yes,0.706,0.706
E11,/t/,white,3,0.218,0.154,0.14,yes,1,white,no,no,no,no,no,no,yes,0.739,0.739
E12,/d/,bad,1,0.103,0.031,0.254,yes,1,bad,no,no,no,no,no,no,no,0.411,0.411
E12,/d/,bad,2,0.111,0.039,0.258,yes,1,bad,no,no,no,no,no,no,no,0.417,0.417
E12,/d/,bad,3,0.051,0.04,0.234,yes,1,bad,no,no,no,no,no,no,no,0.339,0.339
E12,/d/,bed,1,0.082,0.045,0.169,yes,1,bed,no,no,no,no,no,no,no,0.318,0.318
E12,/d/,bed,2,0.065,0.044,0.192,yes,1,bed,no,no,no,no,no,no,no,0.311,0.311
E12,/d/,bed,3,0.055,0.058,0.171,yes,1,bed,no,no,no,no,no,no,no,0.294,0.294
E12,/d/,bud,1,0.095,0.055,0.2,yes,1,bud,no,no,no,no,no,no,no,0.383,0.383
E12,/d/,bud,2,0.083,0.066,0.185,yes,1,bud,no,no,no,no,no,no,no,0.355,0.355
E12,/d/,bud,3,0.143,0.055,0.191,yes,1,bud,no,no,no,no,no,no,no,0.404,0.404
E12,/t/,but,1,0.032,0.03,0.157,yes,1,but,no,no,no,no,no,no,no,0.235,0.235
E12,/t/,but,2,0.036,0.028,0.129,yes,1,but,no,no,no,no,no,no,no,0.233,0.233
E12,/d/,cooed,1,0.094,0.046,0.224,yes,1,cooed,no,no,no,no,no,no,no,0.431,0.431
E12,/d/,cooed,2,0.123,0.052,0.204,yes,1,cooed,no,no,no,no,no,no,no,0.456,0.456
E12,/d/,cooed,3,0.079,0.04,0.199,yes,1,cooed,no,no,no,no,no,no,no,0.4,0.4
E12,/d/,feed,1,0.077,0.04,0.205,yes,1,feed,no,no,no,no,no,no,no,0.462,0.462
E12,/d/,feed,2,0.113,0.05,0.225,yes,1,feed,no,no,no,no,no,no,no,0.471,0.471
E12,/d/,feed,3,0.083,0.041,0.205,yes,1,feed,no,no,no,no,no,no,no,0.474,0.474
E12,/t/,feet,1,0.142,0.063,0.139,yes,1,feet,no,no,no,no,no,no,no,0.426,0.426
E12,/t/,feet,2,0.149,0.061,0.147,yes,1,feet,no,no,no,no,no,no,no,0.399,0.399
E12,/t/,feet,3,0.092,0.055,0.121,yes,1,feet,no,no,no,no,no,no,no,0.331,0.331
E12,/d/,find,1,0.089,0.032,0.329,yes,1,find,no,no,no,yes,no,no,yes,0.507,0.507
E12,/d/,find,2,0.085,0.039,0.334,yes,1,find,no,no,no,yes,no,no,yes,0.523,0.523
E12,/d/,find,3,0.061,0.011,0.334,yes,1,find,no,no,no,yes,no,no,yes,0.474,0.474
E12,/d/,fond,1,0.05,0.016,0.312,yes,1,fond,no,no,no,yes,no,no,no,0.484,0.484
E12,/d/,fond,2,0.049,0.016,0.32,yes,1,fond,no,no,no,yes,no,no,no,0.477,0.477
E12,/d/,fond,3,0.081,0.022,0.299,yes,1,fond,no,no,no,yes,no,no,no,0.442,0.442
E12,/d/,gild,1,0.101,0.05,0.246,yes,1,gild,no,no,no,no,yes,no,no,0.435,0.435
E12,/d/,gild,2,0.102,0.083,0.199,yes,1,gild,no,no,no,no,yes,no,no,0.441,0.441
E12,/d/,gild,3,0.1,0.058,0.203,yes,1,gild,no,no,no,no,yes,no,no,0.397,0.397
E12,/d/,god,1,0.078,0.037,0.25,yes,1,god,no,no,no,no,no,no,no,0.389,0.389
E12,/d/,god,2,0.092,0.041,0.259,yes,1,god,no,no,no,no,no,no,no,0.426,0.426
E12,/d/,god,3,0.1,0.048,0.235,yes,1,god,no,no,no,no,no,no,no,0.412,0.412
E12,/d/,good,1,0.072,0.044,0.193,yes,1,good,no,no,no,no,no,no,no,0.34,0.34
E12,/d/,good,2,0.066,0.043,0.18,yes,1,good,no,no,no,no,no,no,no,0.318,0.318
E12,/d/,good,3,0.061,0.049,0.189,yes,1,good,no,no,no,no,no,no,no,0.327,0.327
E12,/d/,killed,1,0.061,0.027,0.229,yes,1,killed,no,no,no,no,yes,no,no,0.361,0.361
E12,/d/,killed,2,0.057,0.065,0.215,yes,1,killed,no,no,no,no,yes,no,no,0.393,0.393
E12,/d/,killed,3,0.067,0.057,0.229,yes,1,killed,no,no,no,no,yes,no,no,0.408,0.408
E12,/d/,lad,1,0.068,0.033,0.186,yes,1,lad,no,yes,no,no,no,no,no,0.386,0.386
E12,/d/,lad,2,0.065,0.033,0.168,yes,1,lad,no,yes,no,no,no,no,no,0.381,0.381
E12,/d/,lad,3,0.087,0.031,0.156,yes,1,lad,no,yes,no,no,no,no,no,0.433,0.433
E12,/t/,late,1,0.025,0.099,0.151,yes,1,late,no,yes,no,no,no,no,no,0.375,0.375
E12,/t/,neat,1,0.162,0.092,0.131,yes,1,neat,yes,no,no,no,no,no,no,0.508,0.508
E12,/t/,neat,2,0.13,0.099,0.152,yes,1,neat,yes,no,no,no,no,no,no,0.531,0.531
E12,/t/,neat,3,0.137,0.091,0.188,yes,1,neat,yes,no,no,no,no,no,no,0.482,0.482
E12,/d/,need,1,0.099,0.027,0.214,yes,1,need,yes,no,no,no,no,no,no,0.442,0.442
E12,/d/,need,2,0.08,0.045,0.22,yes,1,need,yes,no,no,no,no,no,no,0.447,0.447
E12,/d/,need,3,0.087,0.053,0.218,yes,1,need,yes,no,no,no,no,no,no,0.454,0.454
E12,/t/,not,1,0.048,0.133,0.175,yes,1,not,yes,no,no,no,no,no,no,0.458,0.458
E12,/t/,not,2,0.107,0.101,0.165,yes,1,not,yes,no,no,no,no,no,no,0.491,0.491
E12,/t/,pat,1,0.08,0.123,0.148,yes,1,pat,no,no,no,no,no,no,no,0.404,0.404
E12,/t/,pat,2,0.073,0.127,0.14,yes,1,pat,no,no,no,no,no,no,no,0.425,0.425
E12,/t/,pet,1,0.238,0.141,0.143,yes,1,pet,no,no,no,no,no,no,no,0.561,0.561
E12,/t/,pet,2,0.192,0.17,0.288,yes,1,pet,no,no,no,no,no,no,no,0.698,0.698
E12,/d/,pond,1,0.052,0.022,0.284,yes,1,pond,no,no,no,yes,no,no,no,0.404,0.404
E12,/d/,pond,2,0.076,0.024,0.299,yes,1,pond,no,no,no,yes,no,no,no,0.462,0.462
E12,/d/,pond,3,0.078,0.016,0.29,yes,1,pond,no,no,no,yes,no,no,no,0.442,0.442
E12,/d/,pound,1,0.063,0.007,0.327,yes,1,pound,no,no,no,yes,no,no,yes,0.448,0.448
E12,/d/,pound,2,0.054,0.009,0.321,yes,1,pound,no,no,no,yes,no,no,yes,0.427,0.427
E12,/t/,put,1,0.039,0.144,0.144,yes,1,put,no,no,no,no,no,no,no,0.382,0.382
E12,/t/,put,2,0.02,0.048,0.105,yes,1,put,no,no,no,no,no,no,no,0.234,0.234
E12,/d/,ride,1,0.104,0.037,0.189,yes,1,ride,no,no,yes,no,no,no,yes,0.434,0.434
E12,/d/,ride,2,0.072,0.031,0.193,yes,1,ride,no,no,yes,no,no,no,yes,0.446,0.446
E12,/d/,ride,3,0.077,0.053,0.128,yes,1,ride,no,no,yes,no,no,no,yes,0.448,0.448
E12,/d/,rod,1,0.086,0.04,0.177,yes,1,rod,no,no,yes,no,no,no,no,0.412,0.412
E12,/d/,rod,2,0.084,0.049,0.139,yes,1,rod,no,no,yes,no,no,no,no,0.432,0.432
E12,/d/,rod,3,0.055,0.045,0.154,yes,1,rod,no,no,yes,no,no,no,no,0.423,0.423
E12,/d/,rode,1,0.125,0.037,0.189,yes,1,rode,no,no,yes,no,no,no,no,0.458,0.458
E12,/d/,rode,2,0.085,0.039,0.155,yes,1,rode,no,no,yes,no,no,no,no,0.437,0.437
E12,/d/,rode,3,0.075,0.043,0.12,yes,1,rode,no,no,yes,no,no,no,no,0.386,0.386
E12,/d/,sad,1,0.085,0.04,0.239,yes,1,sad,no,no,no,no,no,no,no,0.515,0.515
E12,/d/,sad,2,0.092,0.038,0.242,yes,1,sad,no,no,no,no,no,no,no,0.507,0.507
E12,/d/,sad,3,0.081,0.05,0.239,yes,1,sad,no,no,no,no,no,no,no,0.484,0.484
E12,/d/,said,1,0.081,0.039,0.187,yes,1,said,no,no,no,no,no,no,no,0.46,0.46
E12,/d/,said,2,0.114,0.044,0.182,yes,1,said,no,no,no,no,no,no,no,0.482,0.482
E12,/d/,said,3,0.089,0.052,0.168,yes,1,said,no,no,no,no,no,no,no,0.453,0.453
E12,/d/,slide,1,0.053,0.039,0.217,yes,1,slide,no,no,no,no,no,no,yes,0.54,0.54
E12,/d/,slide,2,0.136,0.043,0.148,yes,1,slide,no,no,no,no,no,no,yes,0.625,0.625
E12,/d/,slide,3,0.058,0.043,0.104,yes,1,slide,no,no,no,no,no,no,yes,0.558,0.558
E13,/d/,bad,1,0.058,0.085,0.403,yes,1,bad,no,no,no,no,no,no,no,0.577,0.577
E13,/d/,bad,2,0.1,0.072,0.386,yes,1,bad,no,no,no,no,no,no,no,0.573,0.573
E13,/d/,bad,3,0.033,0.241,0.163,yes,1,bad,no,no,no,no,no,no,no,0.45,0.45
E13,/d/,bed,1,0.129,0.065,0.226,yes,1,bed,no,no,no,no,no,no,no,0.598,0.598
E13,/d/,bed,2,0.095,0.073,0.227,yes,1,bed,no,no,no,no,no,no,no,0.415,0.415
E13,/d/,bed,3,0.077,0.052,0.267,yes,1,bed,no,no,no,no,no,no,no,0.402,0.402
E13,/d/,bud,1,0.106,0.083,0.255,yes,1,bud,no,no,no,no,no,no,no,0.458,0.458
E13,/d/,bud,2,0.103,0.094,0.251,yes,1,bud,no,no,no,no,no,no,no,0.474,0.474
E13,/d/,bud,3,0.12,0.088,0.262,yes,1,bud,no,no,no,no,no,no,no,0.498,0.498
E13,/t/,but,1,0.125,0.142,0.165,yes,1,but,no,no,no,no,no,no,no,0.458,0.458
E13,/t/,but,2,0.103,0.121,0.165,yes,1,but,no,no,no,no,no,no,no,0.402,0.402
E13,/t/,but,3,0.073,0.159,0.18,yes,1,but,no,no,no,no,no,no,no,0.442,0.442
E13,/d/,cooed,1,0.096,0.067,0.286,yes,1,cooed,no,no,no,no,no,no,no,0.605,0.605
E13,/d/,cooed,2,0.1,0.063,0.315,yes,1,cooed,no,no,no,no,no,no,no,0.598,0.598
E13,/d/,cooed,3,0.107,0.021,0.313,yes,1,cooed,no,no,no,no,no,no,no,0.541,0.541
E13,/t/,cut,1,0.107,0.15,0.133,yes,1,cut,no,no,no,no,no,no,no,0.483,0.483
E13,/t/,cut,2,0.098,0.168,0.153,yes,1,cut,no,no,no,no,no,no,no,0.488,0.488
E13,/t/,cut,3,0.103,0.157,0.137,yes,1,cut,no,no,no,no,no,no,no,0.462,0.462
E13,/d/,feed,1,0.152,0.062,0.321,yes,1,feed,no,no,no,no,no,no,no,0.574,0.574
E13,/d/,feed,2,0.144,0.062,0.343,yes,1,feed,no,no,no,no,no,no,no,0.598,0.598
E13,/d/,feed,3,0.114,0.082,0.277,yes,1,feed,no,no,no,no,no,no,no,0.541,0.541
E13,/t/,feet,1,0.121,0.153,0.133,yes,1,feet,no,no,no,no,no,no,no,0.598,0.598
E13,/t/,feet,2,0.119,0.13,0.172,yes,1,feet,no,no,no,no,no,no,no,0.591,0.591
E13,/t/,feet,3,0.083,0.108,0.158,yes,1,feet,no,no,no,no,no,no,no,0.417,0.417
E13,/d/,fond,1,0.1,0.009,0.474,yes,1,fond,no,no,no,yes,no,no,no,0.774,0.774
E13,/d/,fond,2,0.098,0.007,0.474,yes,1,fond,no,no,no,yes,no,no,no,0.682,0.682
E13,/d/,gild,1,0.124,0.111,0.32,yes,1,gild,no,no,no,no,yes,no,no,0.601,0.601
E13,/d/,gild,2,0.107,0.064,0.414,yes,1,gild,no,no,no,no,yes,no,no,0.62,0.62
E13,/d/,gild,3,0.141,0.125,0.328,yes,1,gild,no,no,no,no,yes,no,no,0.629,0.629
E13,/d/,god,1,0.133,0.049,0.33,yes,1,god,no,no,no,no,no,no,no,0.546,0.546
E13,/d/,god,2,0.099,0.065,0.276,yes,1,god,no,no,no,no,no,no,no,0.481,0.481
E13,/d/,good,1,0.102,0.098,0.18,yes,1,good,no,no,no,no,no,no,no,0.407,0.407
E13,/d/,good,2,0.106,0.104,0.187,yes,1,good,no,no,no,no,no,no,no,0.436,0.436
E13,/d/,good,3,0.127,0.123,0.193,yes,1,good,no,no,no,no,no,no,no,0.463,0.463
E13,/t/,got,1,0.145,0.131,0.247,yes,1,got,no,no,no,no,no,no,no,0.538,0.538
E13,/t/,got,2,0.109,0.123,0.238,yes,1,got,no,no,no,no,no,no,no,0.485,0.485
E13,/t/,got,3,0.117,0.15,0.206,yes,1,got,no,no,no,no,no,no,no,0.496,0.496
E13,/d/,killed,1,0.088,0.103,0.286,yes,1,killed,no,no,no,no,yes,no,no,0.577,0.577
E13,/d/,killed,2,0.081,0.027,0.396,yes,1,killed,no,no,no,no,yes,no,no,0.6,0.6
E13,/d/,killed,3,0.049,0.084,0.338,yes,1,killed,no,no,no,no,yes,no,no,0.549,0.549
E13,/d/,lad,1,0.11,0.067,0.283,yes,1,lad,no,yes,no,no,no,no,no,0.618,0.618
E13,/d/,lad,2,0.093,0.065,0.239,yes,1,lad,no,yes,no,no,no,no,no,0.614,0.614
E13,/d/,lad,3,0.07,0.065,0.307,yes,1,lad,no,yes,no,no,no,no,no,0.607,0.607
E13,/t/,late,1,0.114,0.119,0.211,yes,1,late,no,yes,no,no,no,no,no,0.541,0.541
E13,/t/,late,2,0.119,0.122,0.156,yes,1,late,no,yes,no,no,no,no,no,0.539,0.539
E13,/t/,late,3,0.113,0.143,0.159,yes,1,late,no,yes,no,no,no,no,no,0.555,0.555
E13,/t/,neat,1,0.085,0.113,0.189,yes,1,neat,yes,no,no,no,no,no,no,0.483,0.483
E13,/t/,neat,2,0.053,0.12,0.173,yes,1,neat,yes,no,no,no,no,no,no,0.39,0.39
E13,/t/,neat,3,0.08,0.178,0.115,yes,1,neat,yes,no,no,no,no,no,no,0.441,0.441
E13,/d/,need,1,0.1,0.062,0.306,yes,1,need,yes,no,no,no,no,no,no,0.556,0.556
E13,/d/,need,2,0.058,0.068,0.31,yes,1,need,yes,no,no,no,no,no,no,0.523,0.523
E13,/d/,need,3,0.033,0.082,0.276,yes,1,need,yes,no,no,no,no,no,no,0.456,0.456
E13,/t/,night,1,0.073,0.161,0.173,yes,1,night,yes,no,no,no,no,no,yes,0.514,0.514
E13,/t/,night,2,0.058,0.192,0.141,yes,1,night,yes,no,no,no,no,no,yes,0.441,0.441
E13,/t/,night,3,0.087,0.161,0.157,yes,1,night,yes,no,no,no,no,no,yes,0.488,0.488
E13,/t/,not,1,0.139,0.169,0.191,yes,1,not,yes,no,no,no,no,no,no,0.61,0.61
E13,/t/,not,2,0.059,0.157,0.196,yes,1,not,yes,no,no,no,no,no,no,0.525,0.525
E13,/t/,not,3,0.076,0.215,0.175,yes,1,not,yes,no,no,no,no,no,no,0.548,0.548
E13,/t/,pat,1,0.098,0.21,0.119,yes,1,pat,no,no,no,no,no,no,no,0.548,0.548
E13,/t/,pat,2,0.108,0.183,0.183,yes,1,pat,no,no,no,no,no,no,no,0.566,0.566
E13,/t/,pat,3,0.079,0.203,0.181,yes,1,pat,no,no,no,no,no,no,no,0.516,0.516
E13,/t/,pet,1,0.087,0.179,0.101,yes,1,pet,no,no,no,no,no,no,no,0.449,0.449
E13,/t/,pet,2,0.068,0.222,0.11,yes,1,pet,no,no,no,no,no,no,no,0.467,0.467
E13,/t/,pet,3,0.073,0.217,0.078,yes,1,pet,no,no,no,no,no,no,no,0.458,0.458
E13,/d/,pond,1,0.088,0.16,0.273,yes,1,pond,no,no,no,yes,no,no,no,0.674,0.674
E13,/d/,pond,2,0.085,0.097,0.31,yes,1,pond,no,no,no,yes,no,no,no,0.591,0.591
E13,/d/,pond,3,0.066,0.044,0.405,yes,1,pond,no,no,no,yes,no,no,no,0.618,0.618
E13,/t/,pot,1,0.074,0.201,0.116,yes,1,pot,no,no,no,no,no,no,no,0.508,0.508
E13,/t/,pot,2,0.067,0.266,0.11,yes,1,pot,no,no,no,no,no,no,no,0.518,0.518
E13,/t/,pot,3,0.096,0.221,0.183,yes,1,pot,no,no,no,no,no,no,no,0.581,0.581
E13,/d/,pound,1,0.112,0.13,0.305,yes,1,pound,no,no,no,yes,no,no,yes,0.677,0.677
E13,/d/,pound,2,0.075,0.033,0.46,yes,1,pound,no,no,no,yes,no,no,yes,0.649,0.649
E13,/d/,pound,3,0.077,0.075,0.361,yes,1,pound,no,no,no,yes,no,no,yes,0.6,0.6
E13,/t/,pout,1,0.12,0.188,0.125,yes,1,pout,no,no,no,no,no,no,yes,0.559,0.559
E13,/t/,pout,2,0.093,0.214,0.135,yes,1,pout,no,no,no,no,no,no,yes,0.55,0.55
E13,/t/,pout,3,0.117,0.223,0.127,yes,1,pout,no,no,no,no,no,no,yes,0.557,0.557
E13,/t/,put,1,0.095,0.181,0.077,yes,1,put,no,no,no,no,no,no,no,0.426,0.426
E13,/t/,put,2,0.092,0.183,0.101,yes,1,put,no,no,no,no,no,no,no,0.441,0.441
E13,/d/,ride,1,0.117,0.098,0.343,yes,1,ride,no,no,yes,no,no,no,yes,0.703,0.703
E13,/d/,ride,2,0.065,0.068,0.182,yes,1,ride,no,no,yes,no,no,no,yes,0.599,0.599
E13,/d/,ride,3,0.055,0.067,0.271,yes,1,ride,no,no,yes,no,no,no,yes,0.59,0.59
E13,/d/,rod,1,0.091,0.094,0.266,yes,1,rod,no,no,yes,no,no,no,no,0.632,0.632
E13,/d/,rod,2,0.107,0.091,0.241,yes,1,rod,no,no,yes,no,no,no,no,0.579,0.579
E13,/d/,rod,3,0.06,0.083,0.236,yes,1,rod,no,no,yes,no,no,no,no,0.511,0.511
E13,/d/,rode,1,0.092,0.072,0.229,yes,1,rode,no,no,yes,no,no,no,no,0.546,0.546
E13,/d/,rode,2,0.093,0.098,0.207,yes,1,rode,no,no,yes,no,no,no,no,0.594,0.594
E13,/d/,rode,3,0.107,0.126,0.194,yes,1,rode,no,no,yes,no,no,no,no,0.601,0.601
E13,/d/,sad,1,0.067,0.067,0.35,yes,1,sad,no,no,no,no,no,no,no,0.692,0.692
E13,/d/,sad,2,0.057,0.07,0.349,yes,1,sad,no,no,no,no,no,no,no,0.666,0.666
E13,/d/,sad,3,0.051,0.079,0.35,yes,1,sad,no,no,no,no,no,no,no,0.651,0.651
E13,/d/,said,1,0.081,0.094,0.184,yes,1,said,no,no,no,no,no,no,no,0.541,0.541
E13,/d/,said,2,0.078,0.087,0.186,yes,1,said,no,no,no,no,no,no,no,0.533,0.533
E13,/d/,said,3,0.099,0.078,0.193,yes,1,said,no,no,no,no,no,no,no,0.583,0.583
E13,/t/,shot,1,0.109,0.178,0.187,yes,1,shot,no,no,no,no,no,no,no,0.675,0.675
E13,/t/,shot,2,0.125,0.132,0.252,yes,1,shot,no,no,no,no,no,no,no,0.683,0.683
E13,/t/,shot,3,0.094,0.245,0.176,yes,1,shot,no,no,no,no,no,no,no,0.682,0.682
E13,/t/,shout,1,0.047,0.204,0.192,yes,1,shout,no,no,no,no,no,no,yes,0.649,0.649
E13,/t/,shout,2,0.049,0.217,0.23,yes,1,shout,no,no,no,no,no,no,yes,0.648,0.648
E13,/t/,shout,3,0.05,0.174,0.225,yes,1,shout,no,no,no,no,no,no,yes,0.65,0.65
E13,/t/,silt,1,0.068,0.132,0.172,yes,1,silt,no,no,no,no,yes,no,no,0.559,0.559
E13,/t/,silt,2,0.067,0.141,0.142,yes,1,silt,no,no,no,no,yes,no,no,0.542,0.542
E13,/t/,silt,3,0.07,0.152,0.171,yes,1,silt,no,no,no,no,yes,no,no,0.557,0.557
E13,/t/,sit,1,0.084,0.201,0.1,yes,1,sit,no,no,no,no,no,no,no,0.634,0.634
E13,/t/,sit,2,0.06,0.206,0.094,yes,1,sit,no,no,no,no,no,no,no,0.558,0.558
E13,/t/,sit,3,0.07,0.214,0.086,yes,1,sit,no,no,no,no,no,no,no,0.558,0.558
E13,/d/,slide,1,0.062,0.07,0.349,yes,1,slide,no,no,no,no,no,no,yes,0.792,0.792
E13,/d/,slide,2,0.08,0.066,0.341,yes,1,slide,no,no,no,no,no,no,yes,0.758,0.758
E13,/d/,slide,3,0.069,0.072,0.276,yes,1,slide,no,no,no,no,no,no,yes,0.658,0.658
E13,/t/,soot,1,0.107,0.146,0.116,yes,1,soot,no,no,no,no,no,no,no,0.557,0.557
E13,/t/,soot,2,0.097,0.151,0.129,yes,1,soot,no,no,no,no,no,no,no,0.557,0.557
E13,/t/,soot,3,0.09,0.183,0.1,yes,1,soot,no,no,no,no,no,no,no,0.541,0.541
E13,/t/,vet,1,0.104,0.194,0.117,yes,1,vet,no,no,no,no,no,no,no,0.457,0.457
E13,/t/,vet,2,0.08,0.21,0.17,yes,1,vet,no,no,no,no,no,no,no,0.499,0.499
E13,/t/,vet,3,0.082,0.191,0.144,yes,1,vet,no,no,no,no,no,no,no,0.484,0.484
E13,/t/,wait,1,0.095,0.165,0.162,yes,1,wait,no,no,no,no,no,no,no,0.57,0.57
E13,/t/,wait,2,0.082,0.167,0.205,yes,1,wait,no,no,no,no,no,no,no,0.548,0.548
E13,/t/,wait,3,0.075,0.182,0.144,yes,1,wait,no,no,no,no,no,no,no,0.507,0.507
E13,/t/,white,1,0.128,0.162,0.109,yes,1,white,no,no,no,no,no,no,yes,0.619,0.619
E13,/t/,white,2,0.086,0.154,0.143,yes,1,white,no,no,no,no,no,no,yes,0.536,0.536
E13,/t/,white,3,0.042,0.174,0.143,yes,1,white,no,no,no,no,no,no,yes,0.425,0.425
E14,/d/,bad,1,0.093,0.089,0.314,yes,1,bad,no,no,no,no,no,no,no,0.52,0.52
E14,/d/,bad,2,0.065,0.114,0.314,yes,1,bad,no,no,no,no,no,no,no,0.508,0.508
E14,/d/,bad,3,0.091,0.091,0.319,yes,1,bad,no,no,no,no,no,no,no,0.517,0.517
E14,/d/,bed,1,0.169,0.125,0.202,yes,1,bed,no,no,no,no,no,no,no,0.658,0.658
E14,/d/,bed,2,0.128,0.135,0.209,yes,1,bed,no,no,no,no,no,no,no,0.515,0.515
E14,/d/,bed,3,0.051,0.099,0.231,yes,1,bed,no,no,no,no,no,no,no,0.403,0.403
E14,/d/,bud,1,0.144,0.125,0.158,yes,1,bud,no,no,no,no,no,no,no,0.457,0.457
E14,/d/,bud,2,0.136,0.106,0.177,yes,1,bud,no,no,no,no,no,no,no,0.442,0.442
E14,/d/,bud,3,0.089,0.109,0.162,yes,1,bud,no,no,no,no,no,no,no,0.374,0.374
E14,/t/,but,1,0.14,0.176,0.104,yes,1,but,no,no,no,no,no,no,no,0.557,0.557
E14,/t/,but,2,0.129,0.204,0.097,yes,1,but,no,no,no,no,no,no,no,0.467,0.467
E14,/t/,but,3,0.14,0.201,0.085,yes,1,but,no,no,no,no,no,no,no,0.466,0.466
E14,/d/,cooed,1,0.15,0.065,0.225,yes,1,cooed,no,no,no,no,no,no,no,0.557,0.557
E14,/d/,cooed,2,0.129,0.069,0.236,yes,1,cooed,no,no,no,no,no,no,no,0.546,0.546
E14,/d/,cooed,3,0.089,0.076,0.233,yes,1,cooed,no,no,no,no,no,no,no,0.493,0.493
E14,/t/,cut,1,0.203,0.165,0.088,yes,1,cut,no,no,no,no,no,no,no,0.511,0.511
E14,/t/,cut,2,0.193,0.181,0.085,yes,1,cut,no,no,no,no,no,no,no,0.507,0.507
E14,/t/,cut,3,0.184,0.157,0.09,yes,1,cut,no,no,no,no,no,no,no,0.491,0.491
E14,/d/,feed,1,0.203,0.082,0.22,yes,1,feed,no,no,no,no,no,no,no,0.757,0.757
E14,/d/,feed,2,0.145,0.072,0.212,yes,1,feed,no,no,no,no,no,no,no,0.661,0.661
E14,/d/,feed,3,0.13,0.111,0.214,yes,1,feed,no,no,no,no,no,no,no,0.639,0.639
E14,/t/,feet,1,0.127,0.139,0.113,yes,1,feet,no,no,no,no,no,no,no,0.528,0.528
E14,/t/,feet,2,0.116,0.14,0.121,yes,1,feet,no,no,no,no,no,no,no,0.565,0.565
E14,/t/,feet,3,0.133,0.166,0.109,yes,1,feet,no,no,no,no,no,no,no,0.575,0.575
E14,/d/,find,1,0.09,0.027,0.392,yes,1,find,no,no,no,yes,no,no,yes,0.666,0.666
E14,/d/,find,2,0.1,0.174,0.265,yes,1,find,no,no,no,yes,no,no,yes,0.691,0.691
E14,/d/,find,3,0.122,0.142,0.288,yes,1,find,no,no,no,yes,no,no,yes,0.709,0.709
E14,/d/,fond,1,0.128,0.048,0.344,yes,1,fond,no,no,no,yes,no,no,no,0.691,0.691
E14,/d/,fond,2,0.095,0.041,0.344,yes,1,fond,no,no,no,yes,no,no,no,0.615,0.615
E14,/d/,fond,3,0.091,0.032,0.37,yes,1,fond,no,no,no,yes,no,no,no,0.642,0.642
E14,/d/,gild,1,0.263,0.035,0.279,yes,1,gild,no,no,no,no,yes,no,no,0.742,0.742
E14,/d/,gild,2,0.227,0.08,0.134,yes,1,gild,no,no,no,no,yes,no,no,0.561,0.561
E14,/d/,gild,3,0.15,0.046,0.259,yes,1,gild,no,no,no,no,yes,no,no,0.502,0.502
E14,/d/,god,1,0.13,0.075,0.275,yes,1,god,no,no,no,no,no,no,no,0.623,0.623
E14,/d/,god,2,0.123,0.06,0.296,yes,1,god,no,no,no,no,no,no,no,0.507,0.507
E14,/d/,god,3,0.094,0.095,0.26,yes,1,god,no,no,no,no,no,no,no,0.477,0.477
E14,/d/,good,1,0.17,0.121,0.153,yes,1,good,no,no,no,no,no,no,no,0.487,0.487
E14,/d/,good,2,0.104,0.116,0.163,yes,1,good,no,no,no,no,no,no,no,0.412,0.412
E14,/d/,good,3,0.169,0.125,0.152,yes,1,good,no,no,no,no,no,no,no,0.478,0.478
E14,/t/,got,1,0.138,0.162,0.152,yes,1,got,no,no,no,no,no,no,no,0.488,0.488
E14,/t/,got,2,0.178,0.186,0.148,yes,1,got,no,no,no,no,no,no,no,0.539,0.539
E14,/t/,got,3,0.169,0.148,0.184,yes,1,got,no,no,no,no,no,no,no,0.528,0.528
E14,/d/,killed,1,0.185,0.03,0.259,yes,1,killed,no,no,no,no,yes,no,no,0.573,0.573
E14,/d/,killed,2,0.112,0.028,0.287,yes,1,killed,no,no,no,no,yes,no,no,0.508,0.508
E14,/d/,killed,3,0.067,0.098,0.2,yes,1,killed,no,no,no,no,yes,no,no,0.467,0.467
E14,/d/,lad,1,0.102,0.076,0.244,yes,1,lad,no,yes,no,no,no,no,no,0.587,0.587
E14,/d/,lad,2,0.095,0.095,0.231,yes,1,lad,no,yes,no,no,no,no,no,0.574,0.574
E14,/d/,lad,3,0.078,0.102,0.275,yes,1,lad,no,yes,no,no,no,no,no,0.512,0.512
E14,/t/,late,1,0.196,0.096,0.125,yes,1,late,no,yes,no,no,no,no,no,0.527,0.527
E14,/t/,late,2,0.14,0.108,0.14,yes,1,late,no,yes,no,no,no,no,no,0.511,0.511
E14,/t/,late,3,0.125,0.125,0.163,yes,1,late,no,yes,no,no,no,no,no,0.484,0.484
E14,/t/,neat,1,0.048,0.16,0.135,yes,1,neat,yes,no,no,no,no,no,no,0.624,0.624
E14,/t/,neat,2,0.048,0.141,0.132,yes,1,neat,yes,no,no,no,no,no,no,0.466,0.466
E14,/t/,neat,3,0.246,0.135,0.148,yes,1,neat,yes,no,no,no,no,no,no,0.646,0.646
E14,/d/,need,1,0.222,0.091,0.217,yes,1,need,yes,no,no,no,no,no,no,0.661,0.661
E14,/d/,need,2,0.128,0.074,0.263,yes,1,need,yes,no,no,no,no,no,no,0.616,0.616
E14,/d/,need,3,0.095,0.062,0.277,yes,1,need,yes,no,no,no,no,no,no,0.532,0.532
E14,/t/,night,1,0.181,0.126,0.132,yes,1,night,yes,no,no,no,no,no,yes,0.588,0.588
E14,/t/,night,2,0.121,0.162,0.119,yes,1,night,yes,no,no,no,no,no,yes,0.517,0.517
E14,/t/,night,3,0.138,0.127,0.183,yes,1,night,yes,no,no,no,no,no,yes,0.543,0.543
E14,/t/,not,1,0.142,0.152,0.193,yes,1,not,yes,no,no,no,no,no,no,0.583,0.583
E14,/t/,not,2,0.129,0.128,0.218,yes,1,not,yes,no,no,no,no,no,no,0.563,0.563
E14,/t/,not,3,0.084,0.133,0.205,yes,1,not,yes,no,no,no,no,no,no,0.44,0.44
E14,/t/,pat,1,0.107,0.168,0.149,yes,1,pat,no,no,no,no,no,no,no,0.466,0.466
E14,/t/,pat,2,0.105,0.197,0.147,yes,1,pat,no,no,no,no,no,no,no,0.502,0.502
E14,/t/,pat,3,0.063,0.183,0.135,yes,1,pat,no,no,no,no,no,no,no,0.419,0.419
E14,/t/,pet,1,0.117,0.159,0.093,yes,1,pet,no,no,no,no,no,no,no,0.401,0.401
E14,/t/,pet,2,0.137,0.16,0.103,yes,1,pet,no,no,no,no,no,no,no,0.435,0.435
E14,/t/,pet,3,0.077,0.156,0.123,yes,1,pet,no,no,no,no,no,no,no,0.411,0.411
E14,/d/,pond,1,0.143,0.006,0.373,yes,1,pond,no,no,no,yes,no,no,no,0.613,0.613
E14,/d/,pond,2,0.101,0.04,0.395,yes,1,pond,no,no,no,yes,no,no,no,0.612,0.612
E14,/d/,pond,3,0.076,0.092,0.334,yes,1,pond,no,no,no,yes,no,no,no,0.566,0.566
E14,/t/,pot,1,0.139,0.123,0.189,yes,1,pot,no,no,no,no,no,no,no,0.493,0.493
E14,/t/,pot,2,0.099,0.166,0.146,yes,1,pot,no,no,no,no,no,no,no,0.469,0.469
E14,/t/,pot,3,0.089,0.16,0.151,yes,1,pot,no,no,no,no,no,no,no,0.465,0.465
E14,/d/,pound,1,0.068,0.061,0.334,yes,1,pound,no,no,no,yes,no,no,yes,0.567,0.567
E14,/d/,pound,2,0.089,0.059,0.351,yes,1,pound,no,no,no,yes,no,no,yes,0.574,0.574
E14,/d/,pound,3,0.087,0.044,0.386,yes,1,pound,no,no,no,yes,no,no,yes,0.588,0.588
E14,/t/,pout,1,0.117,0.148,0.161,yes,1,pout,no,no,no,no,no,no,yes,0.479,0.479
E14,/t/,pout,2,0.051,0.132,0.166,yes,1,pout,no,no,no,no,no,no,yes,0.424,0.424
E14,/t/,pout,3,0.117,0.174,0.138,yes,1,pout,no,no,no,no,no,no,yes,0.502,0.502
E14,/t/,put,1,0.112,0.153,0.136,yes,1,put,no,no,no,no,no,no,no,0.461,0.461
E14,/t/,put,2,0.131,0.134,0.132,yes,1,put,no,no,no,no,no,no,no,0.483,0.483
E14,/t/,put,3,0.101,0.207,0.102,yes,1,put,no,no,no,no,no,no,no,0.483,0.483
E14,/d/,ride,1,0.14,0.064,0.308,yes,1,ride,no,no,yes,no,no,no,yes,0.69,0.69
E14,/d/,ride,2,0.146,0.067,0.3,yes,1,ride,no,no,yes,no,no,no,yes,0.689,0.689
E14,/d/,ride,3,0.136,0.071,0.274,yes,1,ride,no,no,yes,no,no,no,yes,0.625,0.625
E14,/d/,rod,1,0.1,0.092,0.271,yes,1,rod,no,no,yes,no,no,no,no,0.625,0.625
E14,/d/,rod,2,0.105,0.077,0.243,yes,1,rod,no,no,yes,no,no,no,no,0.549,0.549
E14,/d/,rod,3,0.074,0.081,0.246,yes,1,rod,no,no,yes,no,no,no,no,0.492,0.492
E14,/d/,rode,1,0.113,0.069,0.23,yes,1,rode,no,no,yes,no,no,no,no,0.582,0.582
E14,/d/,rode,2,0.156,0.04,0.25,yes,1,rode,no,no,yes,no,no,no,no,0.658,0.658
E14,/d/,rode,3,0.134,0.056,0.226,yes,1,rode,no,no,yes,no,no,no,no,0.624,0.624
E14,/d/,sad,1,0.112,0.084,0.305,yes,1,sad,no,no,no,no,no,no,no,0.683,0.683
E14,/d/,sad,2,0.073,0.086,0.314,yes,1,sad,no,no,no,no,no,no,no,0.682,0.682
E14,/d/,sad,3,0.079,0.112,0.287,yes,1,sad,no,no,no,no,no,no,no,0.666,0.666
E14,/d/,said,1,0.06,0.113,0.194,yes,1,said,no,no,no,no,no,no,no,0.54,0.54
E14,/d/,said,2,0.091,0.102,0.205,yes,1,said,no,no,no,no,no,no,no,0.559,0.559
E14,/d/,said,3,0.114,0.091,0.19,yes,1,said,no,no,no,no,no,no,no,0.567,0.567
E14,/t/,shot,1,0.156,0.16,0.14,yes,1,shot,no,no,no,no,no,no,no,0.634,0.634
E14,/t/,shot,2,0.068,0.149,0.144,yes,1,shot,no,no,no,no,no,no,no,0.583,0.583
E14,/t/,shot,3,0.103,0.18,0.15,yes,1,shot,no,no,no,no,no,no,no,0.65,0.65
E14,/t/,shout,1,0.144,0.155,0.167,yes,1,shout,no,no,no,no,no,no,yes,0.641,0.641
E14,/t/,shout,2,0.078,0.12,0.222,yes,1,shout,no,no,no,no,no,no,yes,0.649,0.649
E14,/t/,shout,3,0.069,0.154,0.167,yes,1,shout,no,no,no,no,no,no,yes,0.557,0.557
E14,/t/,silt,1,0.184,0.097,0.162,yes,1,silt,no,no,no,no,yes,no,no,0.665,0.665
E14,/t/,silt,2,0.11,0.113,0.143,yes,1,silt,no,no,no,no,yes,no,no,0.573,0.573
E14,/t/,silt,3,0.139,0.136,0.105,yes,1,silt,no,no,no,no,yes,no,no,0.625,0.625
E14,/t/,sit,1,0.042,0.166,0.093,yes,1,sit,no,no,no,no,no,no,no,0.499,0.499
E14,/t/,sit,2,0.086,0.138,0.09,yes,1,sit,no,no,no,no,no,no,no,0.507,0.507
E14,/t/,sit,3,0.049,0.125,0.1,yes,1,sit,no,no,no,no,no,no,no,0.492,0.492
E14,/d/,slide,1,0.088,0.055,0.287,yes,1,slide,no,no,no,no,no,no,yes,0.674,0.674
E14,/d/,slide,2,0.081,0.041,0.322,yes,1,slide,no,no,no,no,no,no,yes,0.69,0.69
E14,/d/,slide,3,0.116,0.068,0.273,yes,1,slide,no,no,no,no,no,no,yes,0.709,0.709
E14,/t/,soot,1,0.1,0.148,0.073,yes,1,soot,no,no,no,no,no,no,no,0.558,0.558
E14,/t/,soot,2,0.12,0.153,0.099,yes,1,soot,no,no,no,no,no,no,no,0.608,0.608
E14,/t/,soot,3,0.101,0.164,0.09,yes,1,soot,no,no,no,no,no,no,no,0.598,0.598
E14,/t/,vet,1,0.214,0.171,0.12,yes,1,vet,no,no,no,no,no,no,no,0.716,0.716
E14,/t/,vet,2,0.239,0.161,0.125,yes,1,vet,no,no,no,no,no,no,no,0.657,0.657
E14,/t/,vet,3,0.252,0.163,0.12,yes,1,vet,no,no,no,no,no,no,no,0.639,0.639
E14,/t/,wait,1,0.161,0.087,0.114,yes,1,wait,no,no,no,no,no,no,no,0.551,0.551
E14,/t/,wait,2,0.139,0.093,0.109,yes,1,wait,no,no,no,no,no,no,no,0.524,0.524
E14,/t/,wait,3,0.154,0.111,0.119,yes,1,wait,no,no,no,no,no,no,no,0.551,0.551
E14,/t/,white,1,0.174,0.072,0.121,yes,1,white,no,no,no,no,no,no,yes,0.484,0.484
E14,/t/,white,2,0.118,0.106,0.057,yes,1,white,no,no,no,no,no,no,yes,0.49,0.49
E14,/t/,white,3,0.099,0.107,0.112,yes,1,white,no,no,no,no,no,no,yes,0.426,0.426
E15,/d/,bad,1,0.084,0.048,0.276,yes,1,bad,no,no,no,no,no,no,no,0.431,0.431
E15,/d/,bad,2,0.111,0.046,0.301,yes,1,bad,no,no,no,no,no,no,no,0.501,0.501
E15,/d/,bad,3,0.115,0.068,0.262,yes,1,bad,no,no,no,no,no,no,no,0.489,0.489
E15,/d/,bed,1,0.117,0.059,0.194,yes,1,bed,no,no,no,no,no,no,no,0.386,0.386
E15,/d/,bed,2,0.094,0.086,0.214,yes,1,bed,no,no,no,no,no,no,no,0.432,0.432
E15,/d/,bed,3,0.13,0.064,0.208,yes,1,bed,no,no,no,no,no,no,no,0.422,0.422
E15,/d/,bud,1,0.097,0.085,0.192,yes,1,bud,no,no,no,no,no,no,no,0.398,0.398
E15,/d/,bud,2,0.104,0.125,0.206,yes,1,bud,no,no,no,no,no,no,no,0.453,0.453
E15,/d/,bud,3,0.037,0.168,0.195,yes,1,bud,no,no,no,no,no,no,no,0.431,0.431
E15,/t/,but,1,0.121,0.103,0.143,yes,1,but,no,no,no,no,no,no,no,0.403,0.403
E15,/t/,but,2,0.162,0.104,0.146,yes,1,but,no,no,no,no,no,no,no,0.429,0.429
E15,/t/,but,3,0.157,0.099,0.148,yes,1,but,no,no,no,no,no,no,no,0.416,0.416
E15,/d/,cooed,1,0.115,0.049,0.216,yes,1,cooed,no,no,no,no,no,no,no,0.49,0.49
E15,/d/,cooed,2,0.108,0.041,0.258,yes,1,cooed,no,no,no,no,no,no,no,0.516,0.516
E15,/d/,cooed,3,0.155,0.02,0.257,yes,1,cooed,no,no,no,no,no,no,no,0.536,0.536
E15,/t/,cut,1,0.101,0.103,0.113,yes,1,cut,no,no,no,no,no,no,no,0.403,0.403
E15,/t/,cut,2,0.096,0.141,0.104,yes,1,cut,no,no,no,no,no,no,no,0.421,0.421
E15,/t/,cut,3,0.103,0.122,0.116,yes,1,cut,no,no,no,no,no,no,no,0.465,0.465
E15,/d/,feed,1,0.12,0.064,0.29,yes,1,feed,no,no,no,no,no,no,no,0.535,0.535
E15,/d/,feed,2,0.093,0.077,0.304,yes,1,feed,no,no,no,no,no,no,no,0.599,0.599
E15,/d/,feed,3,0.084,0.066,0.311,yes,1,feed,no,no,no,no,no,no,no,0.585,0.585
E15,/t/,feet,1,0.084,0.111,0.142,yes,1,feet,no,no,no,no,no,no,no,0.442,0.442
E15,/t/,feet,2,0.106,0.132,0.138,yes,1,feet,no,no,no,no,no,no,no,0.469,0.469
E15,/t/,feet,3,0.107,0.119,0.129,yes,1,feet,no,no,no,no,no,no,no,0.523,0.523
E15,/d/,find,1,0.115,0.018,0.388,yes,1,find,no,no,no,yes,no,no,yes,0.684,0.684
E15,/d/,find,2,0.121,0.034,0.372,yes,1,find,no,no,no,yes,no,no,yes,0.686,0.686
E15,/d/,find,3,0.07,0.038,0.355,yes,1,find,no,no,no,yes,no,no,yes,0.647,0.647
E15,/d/,fond,1,0.098,0.008,0.378,yes,1,fond,no,no,no,yes,no,no,no,0.625,0.625
E15,/d/,fond,2,0.094,0.014,0.394,yes,1,fond,no,no,no,yes,no,no,no,0.666,0.666
E15,/d/,gild,1,0.098,0.021,0.354,yes,1,gild,no,no,no,no,yes,no,no,0.503,0.503
E15,/d/,gild,2,0.112,0.046,0.358,yes,1,gild,no,no,no,no,yes,no,no,0.558,0.558
E15,/d/,gild,3,0.135,0.013,0.401,yes,1,gild,no,no,no,no,yes,no,no,0.596,0.596
E15,/d/,god,1,0.1,0.063,0.285,yes,1,god,no,no,no,no,no,no,no,0.49,0.49
E15,/d/,god,2,0.099,0.069,0.305,yes,1,god,no,no,no,no,no,no,no,0.516,0.516
E15,/d/,god,3,0.106,0.06,0.309,yes,1,god,no,no,no,no,no,no,no,0.508,0.508
E15,/d/,good,1,0.104,0.071,0.19,yes,1,good,no,no,no,no,no,no,no,0.399,0.399
E15,/d/,good,2,0.095,0.069,0.205,yes,1,good,no,no,no,no,no,no,no,0.403,0.403
E15,/d/,good,3,0.094,0.067,0.21,yes,1,good,no,no,no,no,no,no,no,0.406,0.406
E15,/t/,got,1,0.104,0.072,0.193,yes,1,got,no,no,no,no,no,no,no,0.402,0.402
E15,/t/,got,2,0.144,0.088,0.179,yes,1,got,no,no,no,no,no,no,no,0.446,0.446
E15,/t/,got,3,0.11,0.1,0.182,yes,1,got,no,no,no,no,no,no,no,0.445,0.445
E15,/d/,killed,1,0.102,0.035,0.324,yes,1,killed,no,no,no,no,yes,no,no,0.559,0.559
E15,/d/,killed,2,0.169,0.027,0.308,yes,1,killed,no,no,no,no,yes,no,no,0.601,0.601
E15,/d/,lad,1,0.121,0.071,0.236,yes,1,lad,no,yes,no,no,no,no,no,0.58,0.58
E15,/d/,lad,2,0.111,0.075,0.261,yes,1,lad,no,yes,no,no,no,no,no,0.616,0.616
E15,/d/,lad,3,0.109,0.075,0.266,yes,1,lad,no,yes,no,no,no,no,no,0.621,0.621
E15,/t/,late,1,0.11,0.106,0.141,yes,1,late,no,yes,no,no,no,no,no,0.521,0.521
E15,/t/,late,2,0.112,0.124,0.15,yes,1,late,no,yes,no,no,no,no,no,0.555,0.555
E15,/t/,late,3,0.152,0.112,0.145,yes,1,late,no,yes,no,no,no,no,no,0.554,0.554
E15,/t/,neat,1,0.145,0.125,0.148,yes,1,neat,yes,no,no,no,no,no,no,0.535,0.535
E15,/t/,neat,2,0.134,0.128,0.139,yes,1,neat,yes,no,no,no,no,no,no,0.496,0.496
E15,/t/,neat,3,0.122,0.117,0.209,yes,1,neat,yes,no,no,no,no,no,no,0.531,0.531
E15,/d/,need,1,0.119,0.061,0.263,yes,1,need,yes,no,no,no,no,no,no,0.55,0.55
E15,/d/,need,2,0.13,0.065,0.249,yes,1,need,yes,no,no,no,no,no,no,0.578,0.578
E15,/d/,need,3,0.132,0.073,0.274,yes,1,need,yes,no,no,no,no,no,no,0.586,0.586
E15,/t/,night,1,0.107,0.128,0.149,yes,1,night,yes,no,no,no,no,no,yes,0.457,0.457
E15,/t/,night,2,0.125,0.14,0.16,yes,1,night,yes,no,no,no,no,no,yes,0.523,0.523
E15,/t/,night,3,0.155,0.162,0.156,yes,1,night,yes,no,no,no,no,no,yes,0.564,0.564
E15,/t/,not,1,0.109,0.198,0.138,yes,1,not,yes,no,no,no,no,no,no,0.567,0.567
E15,/t/,not,2,0.136,0.141,0.134,yes,1,not,yes,no,no,no,no,no,no,0.472,0.472
E15,/t/,not,3,0.127,0.154,0.161,yes,1,not,yes,no,no,no,no,no,no,0.506,0.506
E15,/t/,pat,1,0.098,0.127,0.158,yes,1,pat,no,no,no,no,no,no,no,0.485,0.485
E15,/t/,pat,2,0.187,0.122,0.169,yes,1,pat,no,no,no,no,no,no,no,0.533,0.533
E15,/t/,pat,3,0.152,0.102,0.166,yes,1,pat,no,no,no,no,no,no,no,0.504,0.504
E15,/t/,pet,1,0.118,0.116,0.118,yes,1,pet,no,no,no,no,no,no,no,0.419,0.419
E15,/t/,pet,2,0.14,0.085,0.125,yes,1,pet,no,no,no,no,no,no,no,0.431,0.431
E15,/t/,pet,3,0.167,0.129,0.098,yes,1,pet,no,no,no,no,no,no,no,0.45,0.45
E15,/d/,pond,1,0.115,0.007,0.377,yes,1,pond,no,no,no,yes,no,no,no,0.568,0.568
E15,/d/,pond,2,0.128,0.025,0.32,yes,1,pond,no,no,no,yes,no,no,no,0.564,0.564
E15,/t/,pot,1,0.13,0.154,0.149,yes,1,pot,no,no,no,no,no,no,no,0.527,0.527
E15,/t/,pot,2,0.155,0.108,0.184,yes,1,pot,no,no,no,no,no,no,no,0.526,0.526
E15,/t/,pot,3,0.144,0.155,0.138,yes,1,pot,no,no,no,no,no,no,no,0.538,0.538
E15,/d/,pound,1,0.103,0.05,0.407,yes,1,pound,no,no,no,yes,no,no,yes,0.634,0.634
E15,/d/,pound,2,0.114,0.039,0.398,yes,1,pound,no,no,no,yes,no,no,yes,0.647,0.647
E15,/t/,put,1,0.147,0.136,0.102,yes,1,put,no,no,no,no,no,no,no,0.452,0.452
E15,/t/,put,2,0.196,0.122,0.108,yes,1,put,no,no,no,no,no,no,no,0.473,0.473
E15,/t/,put,3,0.142,0.132,0.111,yes,1,put,no,no,no,no,no,no,no,0.436,0.436
E15,/d/,ride,1,0.069,0.06,0.2,yes,1,ride,no,no,yes,no,no,no,yes,0.487,0.487
E15,/d/,ride,2,0.104,0.029,0.251,yes,1,ride,no,no,yes,no,no,no,yes,0.546,0.546
E15,/d/,rod,1,0.148,0.025,0.24,yes,1,rod,no,no,yes,no,no,no,no,0.517,0.517
E15,/d/,rod,2,0.107,0.043,0.238,yes,1,rod,no,no,yes,no,no,no,no,0.563,0.563
E15,/d/,rod,3,0.104,0.03,0.187,yes,1,rod,no,no,yes,no,no,no,no,0.484,0.484
E15,/d/,rode,1,0.087,0.066,0.138,yes,1,rode,no,no,yes,no,no,no,no,0.455,0.455
E15,/d/,rode,2,0.111,0.063,0.129,yes,1,rode,no,no,yes,no,no,no,no,0.555,0.555
E15,/d/,rode,3,0.104,0.067,0.126,yes,1,rode,no,no,yes,no,no,no,no,0.526,0.526
E15,/d/,sad,1,0.106,0.04,0.264,yes,1,sad,no,no,no,no,no,no,no,0.6,0.6
E15,/d/,sad,2,0.109,0.05,0.274,yes,1,sad,no,no,no,no,no,no,no,0.622,0.622
E15,/d/,sad,3,0.12,0.034,0.296,yes,1,sad,no,no,no,no,no,no,no,0.659,0.659
E15,/d/,said,1,0.089,0.061,0.232,yes,1,said,no,no,no,no,no,no,no,0.591,0.591
E15,/d/,said,2,0.128,0.092,0.216,yes,1,said,no,no,no,no,no,no,no,0.67,0.67
E15,/d/,said,3,0.113,0.121,0.193,yes,1,said,no,no,no,no,no,no,no,0.611,0.611
E15,/t/,shot,1,0.081,0.161,0.136,yes,1,shot,no,no,no,no,no,no,no,0.544,0.544
E15,/t/,shot,2,0.143,0.132,0.193,yes,1,shot,no,no,no,no,no,no,no,0.624,0.624
E15,/t/,shot,3,0.116,0.122,0.187,yes,1,shot,no,no,no,no,no,no,no,0.61,0.61
E15,/t/,shout,1,0.121,0.13,0.179,yes,1,shout,no,no,no,no,no,no,yes,0.591,0.591
E15,/t/,shout,2,0.149,0.119,0.211,yes,1,shout,no,no,no,no,no,no,yes,0.632,0.632
E15,/t/,shout,3,0.127,0.11,0.182,yes,1,shout,no,no,no,no,no,no,yes,0.578,0.578
E15,/t/,silt,1,0.162,0.108,0.152,yes,1,silt,no,no,no,no,yes,no,no,0.608,0.608
E15,/t/,silt,2,0.195,0.124,0.148,yes,1,silt,no,no,no,no,yes,no,no,0.676,0.676
E15,/t/,silt,3,0.153,0.114,0.167,yes,1,silt,no,no,no,no,yes,no,no,0.619,0.619
E15,/t/,sit,1,0.124,0.086,0.098,yes,1,sit,no,no,no,no,no,no,no,0.522,0.522
E15,/t/,sit,2,0.13,0.089,0.131,yes,1,sit,no,no,no,no,no,no,no,0.568,0.568
E15,/t/,sit,3,0.111,0.086,0.123,yes,1,sit,no,no,no,no,no,no,no,0.547,0.547
E15,/d/,slide,1,0.122,0.019,0.278,yes,1,slide,no,no,no,no,no,no,yes,0.675,0.675
E15,/d/,slide,2,0.081,0.074,0.249,yes,1,slide,no,no,no,no,no,no,yes,0.662,0.662
E15,/d/,slide,3,0.105,0.026,0.249,yes,1,slide,no,no,no,no,no,no,yes,0.662,0.662
E15,/t/,soot,1,0.151,0.099,0.104,yes,1,soot,no,no,no,no,no,no,no,0.547,0.547
E15,/t/,soot,2,0.093,0.095,0.12,yes,1,soot,no,no,no,no,no,no,no,0.511,0.511
E15,/t/,soot,3,0.14,0.111,0.145,yes,1,soot,no,no,no,no,no,no,no,0.601,0.601
E15,/t/,vet,1,0.123,0.122,0.125,yes,1,vet,no,no,no,no,no,no,no,0.491,0.491
E15,/t/,vet,2,0.146,0.127,0.162,yes,1,vet,no,no,no,no,no,no,no,0.514,0.514
E15,/t/,vet,3,0.065,0.139,0.158,yes,1,vet,no,no,no,no,no,no,no,0.432,0.432
E15,/t/,wait,1,0.104,0.12,0.129,yes,1,wait,no,no,no,no,no,no,no,0.487,0.487
E15,/t/,wait,2,0.118,0.168,0.125,yes,1,wait,no,no,no,no,no,no,no,0.512,0.512
E15,/t/,wait,3,0.129,0.09,0.161,yes,1,wait,no,no,no,no,no,no,no,0.443,0.443
E15,/t/,white,1,0.102,0.115,0.1,yes,1,white,no,no,no,no,no,no,yes,0.434,0.434
E15,/t/,white,2,0.084,0.11,0.114,yes,1,white,no,no,no,no,no,no,yes,0.401,0.401
E15,/t/,white,3,0.126,0.142,0.097,yes,1,white,no,no,no,no,no,no,yes,0.504,0.504
E3,/d/,bad,1,0.11,0.043,0.299,yes,1,bad,no,no,no,no,no,no,no,0.482,0.482
E3,/d/,bad,2,0.123,0.035,0.288,yes,1,bad,no,no,no,no,no,no,no,0.476,0.476
E3,/d/,bad,3,0.136,0.035,0.312,yes,1,bad,no,no,no,no,no,no,no,0.508,0.508
E3,/d/,bed,1,0.138,0.04,0.177,yes,1,bed,no,no,no,no,no,no,no,0.382,0.382
E3,/d/,bed,2,0.194,0.042,0.198,yes,1,bed,no,no,no,no,no,no,no,0.452,0.452
E3,/d/,bed,3,0.153,0.039,0.218,yes,1,bed,no,no,no,no,no,no,no,0.431,0.431
E3,/d/,bud,1,0.261,0.023,0.217,yes,1,bud,no,no,no,no,no,no,no,0.519,0.519
E3,/d/,bud,2,0.169,0.023,0.188,yes,1,bud,no,no,no,no,no,no,no,0.399,0.399
E3,/d/,bud,3,0.145,0.038,0.206,yes,1,bud,no,no,no,no,no,no,no,0.408,0.408
E3,/d/,cooed,1,0.057,0.046,0.258,yes,1,cooed,no,no,no,no,no,no,no,0.473,0.473
E3,/d/,cooed,2,0.148,0.047,0.237,yes,1,cooed,no,no,no,no,no,no,no,0.531,0.531
E3,/d/,cooed,3,0.063,0.045,0.258,yes,1,cooed,no,no,no,no,no,no,no,0.479,0.479
E3,/d/,feed,1,0.266,0.05,0.262,yes,1,feed,no,no,no,no,no,no,no,0.745,0.745
E3,/d/,feed,2,0.213,0.05,0.275,yes,1,feed,no,no,no,no,no,no,no,0.687,0.687
E3,/d/,feed,3,0.104,0.051,0.239,yes,1,feed,no,no,no,no,no,no,no,0.521,0.521
E3,/t/,feet,1,0.193,0.123,0.145,yes,1,feet,no,no,no,no,no,no,no,0.579,0.579
E3,/t/,feet,2,0.155,0.091,0.166,yes,1,feet,no,no,no,no,no,no,no,0.546,0.546
E3,/t/,feet,3,0.15,0.108,0.186,yes,1,feet,no,no,no,no,no,no,no,0.54,0.54
E3,/d/,find,1,0.081,0.029,0.372,yes,1,find,no,no,no,yes,no,no,yes,0.606,0.606
E3,/d/,find,2,0.141,0.016,0.398,yes,1,find,no,no,no,yes,no,no,yes,0.691,0.691
E3,/d/,find,3,0.121,0.02,0.367,yes,1,find,no,no,no,yes,no,no,yes,0.614,0.614
E3,/d/,fond,1,0.085,0.02,0.352,yes,1,fond,no,no,no,yes,no,no,no,0.572,0.572
E3,/d/,fond,2,0.156,0.023,0.395,yes,1,fond,no,no,no,yes,no,no,no,0.716,0.716
E3,/d/,fond,3,0.139,0.014,0.35,yes,1,fond,no,no,no,yes,no,no,no,0.61,0.61
E3,/d/,gild,1,0.059,0.083,0.284,yes,1,gild,no,no,no,no,yes,no,no,0.471,0.471
E3,/d/,gild,2,0.169,0.075,0.29,yes,1,gild,no,no,no,no,yes,no,no,0.574,0.574
E3,/d/,gild,3,0.114,0.074,0.277,yes,1,gild,no,no,no,no,yes,no,no,0.526,0.526
E3,/d/,god,1,0.176,0.036,0.291,yes,1,god,no,no,no,no,no,no,no,0.533,0.533
E3,/d/,god,2,0.164,0.051,0.267,yes,1,god,no,no,no,no,no,no,no,0.511,0.511
E3,/d/,god,3,0.129,0.066,0.263,yes,1,god,no,no,no,no,no,no,no,0.489,0.489
E3,/d/,good,1,0.088,0.044,0.216,yes,1,good,no,no,no,no,no,no,no,0.395,0.395
E3,/d/,good,2,0.124,0.029,0.251,yes,1,good,no,no,no,no,no,no,no,0.451,0.451
E3,/d/,good,3,0.117,0.022,0.252,yes,1,good,no,no,no,no,no,no,no,0.428,0.428
E3,/t/,got,1,0.167,0.102,0.238,yes,1,got,no,no,no,no,no,no,no,0.543,0.543
E3,/t/,got,2,0.211,0.123,0.186,yes,1,got,no,no,no,no,no,no,no,0.573,0.573
E3,/d/,killed,1,0.094,0.088,0.258,yes,1,killed,no,no,no,no,yes,no,no,0.529,0.529
E3,/d/,killed,2,0.141,0.06,0.31,yes,1,killed,no,no,no,no,yes,no,no,0.592,0.592
E3,/d/,killed,3,0.12,0.073,0.27,yes,1,killed,no,no,no,no,yes,no,no,0.551,0.551
E3,/d/,lad,1,0.108,0.04,0.225,yes,1,lad,no,yes,no,no,no,no,no,0.474,0.474
E3,/d/,lad,2,0.157,0.052,0.235,yes,1,lad,no,yes,no,no,no,no,no,0.564,0.564
E3,/d/,lad,3,0.119,0.056,0.219,yes,1,lad,no,yes,no,no,no,no,no,0.501,0.501
E3,/t/,neat,1,0.183,0.091,0.146,yes,1,neat,yes,no,no,no,no,no,no,0.525,0.525
E3,/t/,neat,2,0.216,0.089,0.151,yes,1,neat,yes,no,no,no,no,no,no,0.541,0.541
E3,/t/,neat,3,0.167,0.077,0.152,yes,1,neat,yes,no,no,no,no,no,no,0.465,0.465
E3,/d/,need,1,0.14,0.043,0.265,yes,1,need,yes,no,no,no,no,no,no,0.547,0.547
E3,/d/,need,2,0.215,0.055,0.251,yes,1,need,yes,no,no,no,no,no,no,0.606,0.606
E3,/d/,need,3,0.172,0.049,0.252,yes,1,need,yes,no,no,no,no,no,no,0.551,0.551
E3,/d/,pond,1,0.088,0.019,0.334,yes,1,pond,no,no,no,yes,no,no,no,0.535,0.535
E3,/d/,pond,2,0.119,0.02,0.376,yes,1,pond,no,no,no,yes,no,no,no,0.597,0.597
E3,/d/,pond,3,0.123,0.018,0.337,yes,1,pond,no,no,no,yes,no,no,no,0.543,0.543
E3,/d/,pound,1,0.086,0.021,0.326,yes,1,pound,no,no,no,yes,no,no,yes,0.514,0.514
E3,/d/,pound,2,0.133,0.008,0.364,yes,1,pound,no,no,no,yes,no,no,yes,0.593,0.593
E3,/d/,pound,3,0.144,0.014,0.392,yes,1,pound,no,no,no,yes,no,no,yes,0.614,0.614
E3,/d/,ride,1,0.122,0.056,0.264,yes,1,ride,no,no,yes,no,no,no,yes,0.601,0.601
E3,/d/,ride,2,0.111,0.042,0.247,yes,1,ride,no,no,yes,no,no,no,yes,0.53,0.53
E3,/d/,ride,3,0.109,0.043,0.252,yes,1,ride,no,no,yes,no,no,no,yes,0.519,0.519
E3,/d/,rod,1,0.206,0.046,0.222,yes,1,rod,no,no,yes,no,no,no,no,0.629,0.629
E3,/d/,rod,2,0.114,0.027,0.223,yes,1,rod,no,no,yes,no,no,no,no,0.469,0.469
E3,/d/,rode,1,0.141,0.043,0.185,yes,1,rode,no,no,yes,no,no,no,no,0.555,0.555
E3,/d/,rode,2,0.219,0.024,0.189,yes,1,rode,no,no,yes,no,no,no,no,0.562,0.562
E3,/d/,rode,3,0.131,0.027,0.163,yes,1,rode,no,no,yes,no,no,no,no,0.457,0.457
E3,/d/,sad,1,0.088,0.058,0.29,yes,1,sad,no,no,no,no,no,no,no,0.718,0.718
E3,/d/,sad,2,0.122,0.029,0.296,yes,1,sad,no,no,no,no,no,no,no,0.624,0.624
E3,/d/,sad,3,0.123,0.05,0.292,yes,1,sad,no,no,no,no,no,no,no,0.61,0.61
E3,/d/,said,1,0.142,0.029,0.212,yes,1,said,no,no,no,no,no,no,no,0.569,0.569
E3,/d/,said,2,0.132,0.036,0.215,yes,1,said,no,no,no,no,no,no,no,0.567,0.567
E3,/d/,said,3,0.158,0.037,0.211,yes,1,said,no,no,no,no,no,no,no,0.572,0.572
E3,/d/,slide,1,0.11,0.028,0.266,yes,1,slide,no,no,no,no,no,no,yes,0.62,0.62
E3,/d/,slide,2,0.123,0.029,0.265,yes,1,slide,no,no,no,no,no,no,yes,0.675,0.675
E3,/d/,slide,3,0.128,0.028,0.288,yes,1,slide,no,no,no,no,no,no,yes,0.67,0.67
E7,/d/,bed,1,0.043,0.075,0.2,yes,1,bed,no,no,no,no,no,no,no,0.344,0.344
E7,/d/,bed,2,0.052,0.08,0.201,yes,1,bed,no,no,no,no,no,no,no,0.514,0.514
E7,/d/,bed,3,0.112,0.109,0.21,yes,1,bed,no,no,no,no,no,no,no,0.547,0.547
E7,/d/,cooed,1,0.063,0.058,0.308,yes,1,cooed,no,no,no,no,no,no,no,0.536,0.536
E7,/d/,cooed,2,0.109,0.062,0.29,yes,1,cooed,no,no,no,no,no,no,no,0.608,0.608
E7,/d/,cooed,3,0.126,0.069,0.232,yes,1,cooed,no,no,no,no,no,no,no,0.528,0.528
E7,/d/,feed,1,0.055,0.107,0.275,yes,1,feed,no,no,no,no,no,no,no,0.615,0.615
E7,/d/,feed,2,0.074,0.079,0.277,yes,1,feed,no,no,no,no,no,no,no,0.631,0.631
E7,/d/,feed,3,0.044,0.115,0.276,yes,1,feed,no,no,no,no,no,no,no,0.614,0.614
E7,/t/,feet,1,0.113,0.191,0.134,yes,1,feet,no,no,no,no,no,no,no,0.64,0.64
E7,/t/,feet,2,0.112,0.19,0.159,yes,1,feet,no,no,no,no,no,no,no,0.602,0.602
E7,/t/,feet,3,0.145,0.176,0.148,yes,1,feet,no,no,no,no,no,no,no,0.629,0.629
E7,/d/,find,1,0.041,0.008,0.434,yes,1,find,no,no,no,yes,no,no,yes,0.627,0.627
E7,/d/,find,2,0.076,0.095,0.346,yes,1,find,no,no,no,yes,no,no,yes,0.778,0.778
E7,/d/,fond,1,0.077,0.014,0.432,yes,1,fond,no,no,no,yes,no,no,no,0.748,0.748
E7,/d/,fond,2,0.018,0.124,0.303,yes,1,fond,no,no,no,yes,no,no,no,0.675,0.675
E7,/d/,gild,1,0.141,0.027,0.284,yes,1,gild,no,no,no,no,yes,no,no,0.551,0.551
E7,/d/,gild,2,0.107,0.023,0.331,yes,1,gild,no,no,no,no,yes,no,no,0.638,0.638
E7,/d/,gild,3,0.12,0.122,0.231,yes,1,gild,no,no,no,no,yes,no,no,0.544,0.544
E7,/d/,god,1,0.038,0.056,0.307,yes,1,god,no,no,no,no,no,no,no,0.446,0.446
E7,/d/,god,2,0.059,0.023,0.269,yes,1,god,no,no,no,no,no,no,no,0.413,0.413
E7,/d/,god,3,0.023,0.044,0.212,yes,1,god,no,no,no,no,no,no,no,0.416,0.416
E7,/d/,good,1,0.047,0.076,0.165,yes,1,good,no,no,no,no,no,no,no,0.342,0.342
E7,/d/,good,2,0.065,0.047,0.194,yes,1,good,no,no,no,no,no,no,no,0.431,0.431
E7,/d/,killed,1,0.083,0.044,0.316,yes,1,killed,no,no,no,no,yes,no,no,0.538,0.538
E7,/d/,killed,2,0.103,0.036,0.35,yes,1,killed,no,no,no,no,yes,no,no,0.59,0.59
E7,/d/,killed,3,0.065,0.151,0.227,yes,1,killed,no,no,no,no,yes,no,no,0.538,0.538
E7,/d/,lad,1,0.104,0.065,0.233,yes,1,lad,no,yes,no,no,no,no,no,0.449,0.449
E7,/t/,neat,1,0.155,0.158,0.178,yes,1,neat,yes,no,no,no,no,no,no,0.596,0.596
E7,/t/,neat,2,0.079,0.202,0.193,yes,1,neat,yes,no,no,no,no,no,no,0.587,0.587
E7,/t/,neat,3,0.145,0.17,0.156,yes,1,neat,yes,no,no,no,no,no,no,0.542,0.542
E7,/d/,need,1,0.045,0.066,0.271,yes,1,need,yes,no,no,no,no,no,no,0.505,0.505
E7,/d/,need,2,0.054,0.064,0.315,yes,1,need,yes,no,no,no,no,no,no,0.527,0.527
E7,/d/,need,3,0.079,0.074,0.26,yes,1,need,yes,no,no,no,no,no,no,0.497,0.497
E7,/t/,night,1,0.159,0.124,0.207,yes,1,night,yes,no,no,no,no,no,yes,0.573,0.573
E7,/t/,night,2,0.145,0.13,0.225,yes,1,night,yes,no,no,no,no,no,yes,0.544,0.544
E7,/t/,night,3,0.174,0.197,0.204,yes,1,night,yes,no,no,no,no,no,yes,0.657,0.657
E7,/d/,pond,1,0.058,0.007,0.404,yes,1,pond,no,no,no,yes,no,no,no,0.553,0.553
E7,/d/,pond,2,0.061,0.225,0.291,yes,1,pond,no,no,no,yes,no,no,no,0.684,0.684
E7,/d/,pound,1,0.03,0.024,0.394,yes,1,pound,no,no,no,yes,no,no,yes,0.565,0.565
E7,/d/,pound,2,0.088,0.164,0.298,yes,1,pound,no,no,no,yes,no,no,yes,0.662,0.662
E7,/d/,ride,1,0.073,0.055,0.304,yes,1,ride,no,no,yes,no,no,no,yes,0.593,0.593
E7,/d/,ride,2,0.096,0.055,0.233,yes,1,ride,no,no,yes,no,no,no,yes,0.571,0.571
E7,/d/,ride,3,0.062,0.093,0.238,yes,1,ride,no,no,yes,no,no,no,yes,0.488,0.488
E7,/d/,rod,1,0.064,0.063,0.223,yes,1,rod,no,no,yes,no,no,no,no,0.584,0.584
E7,/d/,rod,2,0.055,0.084,0.232,yes,1,rod,no,no,yes,no,no,no,no,0.462,0.462
E7,/d/,rode,1,0.072,0.073,0.187,yes,1,rode,no,no,yes,no,no,no,no,0.5,0.5
E7,/d/,rode,2,0.089,0.061,0.184,yes,1,rode,no,no,yes,no,no,no,no,0.463,0.463
E7,/d/,rode,3,0.089,0.121,0.192,yes,1,rode,no,no,yes,no,no,no,no,0.58,0.58
E7,/d/,sad,1,0.061,0.074,0.316,yes,1,sad,no,no,no,no,no,no,no,0.68,0.68
E7,/d/,sad,2,0.115,0.053,0.333,yes,1,sad,no,no,no,no,no,no,no,0.704,0.704
E7,/d/,sad,3,0.076,0.071,0.313,yes,1,sad,no,no,no,no,no,no,no,0.637,0.637
E7,/d/,said,1,0.079,0.077,0.233,yes,1,said,no,no,no,no,no,no,no,0.616,0.616
E7,/d/,said,2,0.113,0.087,0.253,yes,1,said,no,no,no,no,no,no,no,0.636,0.636
E7,/d/,said,3,0.107,0.098,0.231,yes,1,said,no,no,no,no,no,no,no,0.634,0.634
E7,/t/,silt,1,0.141,0.111,0.162,yes,1,silt,no,no,no,no,yes,no,no,0.672,0.672
E7,/t/,silt,2,0.158,0.09,0.196,yes,1,silt,no,no,no,no,yes,no,no,0.637,0.637
E7,/t/,silt,3,0.12,0.167,0.139,yes,1,silt,no,no,no,no,yes,no,no,0.603,0.603
E7,/d/,slide,1,0.061,0.059,0.188,yes,1,slide,no,no,no,no,no,no,yes,0.539,0.539
E7,/t/,soot,1,0.146,0.187,0.132,yes,1,soot,no,no,no,no,no,no,no,0.709,0.709
E7,/t/,vet,1,0.026,0.025,0.175,yes,1,vet,no,no,no,no,no,no,no,0.411,0.411
E7,/t/,white,1,0.011,0.069,0.155,yes,1,white,no,no,no,no,no,no,yes,0.351,0.351
E9,/d/,bad,1,0.089,0.059,0.256,yes,1,bad,no,no,no,no,no,no,no,0.424,0.424
E9,/d/,bad,2,0.061,0.059,0.271,yes,1,bad,no,no,no,no,no,no,no,0.409,0.409
E9,/d/,bad,3,0.097,0.046,0.261,yes,1,bad,no,no,no,no,no,no,no,0.423,0.423
E9,/d/,bed,1,0.122,0.063,0.17,yes,1,bed,no,no,no,no,no,no,no,0.373,0.373
E9,/d/,bed,2,0.119,0.061,0.206,yes,1,bed,no,no,no,no,no,no,no,0.404,0.404
E9,/d/,bed,3,0.084,0.057,0.17,yes,1,bed,no,no,no,no,no,no,no,0.323,0.323
E9,/d/,bud,1,0.084,0.065,0.181,yes,1,bud,no,no,no,no,no,no,no,0.386,0.386
E9,/d/,bud,2,0.06,0.07,0.182,yes,1,bud,no,no,no,no,no,no,no,0.37,0.37
E9,/d/,bud,3,0.059,0.085,0.157,yes,1,bud,no,no,no,no,no,no,no,0.34,0.34
E9,/t/,but,1,0.119,0.131,0.145,yes,1,but,no,no,no,no,no,no,no,0.445,0.445
E9,/t/,but,2,0.149,0.112,0.167,yes,1,but,no,no,no,no,no,no,no,0.473,0.473
E9,/t/,but,3,0.202,0.115,0.151,yes,1,but,no,no,no,no,no,no,no,0.509,0.509
E9,/d/,cooed,1,0.036,0.073,0.235,yes,1,cooed,no,no,no,no,no,no,no,0.433,0.433
E9,/d/,cooed,2,0.035,0.094,0.278,yes,1,cooed,no,no,no,no,no,no,no,0.507,0.507
E9,/t/,cut,1,0.122,0.115,0.111,yes,1,cut,no,no,no,no,no,no,no,0.451,0.451
E9,/t/,cut,2,0.124,0.104,0.133,yes,1,cut,no,no,no,no,no,no,no,0.461,0.461
E9,/t/,cut,3,0.135,0.101,0.124,yes,1,cut,no,no,no,no,no,no,no,0.448,0.448
E9,/d/,feed,1,0.046,0.069,0.216,yes,1,feed,no,no,no,no,no,no,no,0.419,0.419
E9,/d/,feed,2,0.144,0.052,0.222,yes,1,feed,no,no,no,no,no,no,no,0.521,0.521
E9,/d/,feed,3,0.051,0.073,0.201,yes,1,feed,no,no,no,no,no,no,no,0.49,0.49
E9,/t/,feet,1,0.176,0.105,0.141,yes,1,feet,no,no,no,no,no,no,no,0.553,0.553
E9,/t/,feet,2,0.181,0.112,0.155,yes,1,feet,no,no,no,no,no,no,no,0.643,0.643
E9,/t/,feet,3,0.133,0.105,0.143,yes,1,feet,no,no,no,no,no,no,no,0.527,0.527
E9,/d/,find,1,0.093,0.041,0.357,yes,1,find,no,no,no,yes,no,no,yes,0.669,0.669
E9,/d/,find,2,0.136,0.027,0.386,yes,1,find,no,no,no,yes,no,no,yes,0.726,0.726
E9,/d/,find,3,0.069,0.029,0.309,yes,1,find,no,no,no,yes,no,no,yes,0.584,0.584
E9,/d/,fond,1,0.041,0.054,0.326,yes,1,fond,no,no,no,yes,no,no,no,0.539,0.539
E9,/d/,fond,2,0.077,0.049,0.353,yes,1,fond,no,no,no,yes,no,no,no,0.621,0.621
E9,/d/,fond,3,0.059,0.056,0.326,yes,1,fond,no,no,no,yes,no,no,no,0.58,0.58
E9,/d/,gild,1,0.089,0.064,0.241,yes,1,gild,no,no,no,no,yes,no,no,0.435,0.435
E9,/d/,gild,2,0.017,0.084,0.283,yes,1,gild,no,no,no,no,yes,no,no,0.429,0.429
E9,/d/,gild,3,0.042,0.054,0.219,yes,1,gild,no,no,no,no,yes,no,no,0.362,0.362
E9,/d/,god,1,0.062,0.078,0.263,yes,1,god,no,no,no,no,no,no,no,0.446,0.446
E9,/d/,god,2,0.08,0.068,0.28,yes,1,god,no,no,no,no,no,no,no,0.455,0.455
E9,/d/,god,3,0.086,0.068,0.235,yes,1,god,no,no,no,no,no,no,no,0.42,0.42
E9,/d/,good,1,0.06,0.071,0.153,yes,1,good,no,no,no,no,no,no,no,0.333,0.333
E9,/d/,good,2,0.111,0.057,0.191,yes,1,good,no,no,no,no,no,no,no,0.401,0.401
E9,/d/,good,3,0.047,0.058,0.161,yes,1,good,no,no,no,no,no,no,no,0.303,0.303
E9,/t/,got,1,0.193,0.186,0.126,yes,1,got,no,no,no,no,no,no,no,0.546,0.546
E9,/t/,got,2,0.212,0.119,0.212,yes,1,got,no,no,no,no,no,no,no,0.572,0.572
E9,/t/,got,3,0.142,0.142,0.21,yes,1,got,no,no,no,no,no,no,no,0.551,0.551
E9,/d/,killed,1,0.104,0.082,0.206,yes,1,killed,no,no,no,no,yes,no,no,0.497,0.497
E9,/d/,killed,2,0.087,0.069,0.274,yes,1,killed,no,no,no,no,yes,no,no,0.521,0.521
E9,/d/,killed,3,0.117,0.055,0.253,yes,1,killed,no,no,no,no,yes,no,no,0.512,0.512
E9,/d/,lad,1,0.029,0.054,0.271,yes,1,lad,no,yes,no,no,no,no,no,0.453,0.453
E9,/d/,lad,2,0.105,0.073,0.244,yes,1,lad,no,yes,no,no,no,no,no,0.525,0.525
E9,/d/,lad,3,0.098,0.026,0.244,yes,1,lad,no,yes,no,no,no,no,no,0.478,0.478
E9,/t/,neat,1,0.145,0.141,0.124,yes,1,neat,yes,no,no,no,no,no,no,0.482,0.482
E9,/t/,neat,2,0.228,0.12,0.158,yes,1,neat,yes,no,no,no,no,no,no,0.568,0.568
E9,/t/,neat,3,0.139,0.135,0.129,yes,1,neat,yes,no,no,no,no,no,no,0.507,0.507
E9,/d/,need,1,0.035,0.05,0.226,yes,1,need,yes,no,no,no,no,no,no,0.41,0.41
E9,/d/,need,2,0.02,0.074,0.233,yes,1,need,yes,no,no,no,no,no,no,0.425,0.425
E9,/d/,need,3,0.076,0.054,0.236,yes,1,need,yes,no,no,no,no,no,no,0.494,0.494
E9,/t/,pet,1,0.11,0.115,0.126,yes,1,pet,no,no,no,no,no,no,no,0.413,0.413
E9,/t/,pet,2,0.139,0.129,0.141,yes,1,pet,no,no,no,no,no,no,no,0.464,0.464
E9,/t/,pet,3,0.008,0.087,0.138,yes,1,pet,no,no,no,no,no,no,no,0.301,0.301
E9,/d/,pond,1,0.058,0.039,0.303,yes,1,pond,no,no,no,yes,no,no,no,0.479,0.479
E9,/d/,pond,2,0.1,0.073,0.314,yes,1,pond,no,no,no,yes,no,no,no,0.554,0.554
E9,/d/,pond,3,0.092,0.037,0.269,yes,1,pond,no,no,no,yes,no,no,no,0.479,0.479
E9,/t/,pot,1,0.106,0.128,0.181,yes,1,pot,no,no,no,no,no,no,no,0.497,0.497
E9,/t/,pot,2,0.042,0.134,0.192,yes,1,pot,no,no,no,no,no,no,no,0.441,0.441
E9,/d/,pound,1,0.08,0.031,0.298,yes,1,pound,no,no,no,yes,no,no,yes,0.503,0.503
E9,/d/,pound,2,0.077,0.03,0.32,yes,1,pound,no,no,no,yes,no,no,yes,0.49,0.49
E9,/d/,pound,3,0.052,0.034,0.269,yes,1,pound,no,no,no,yes,no,no,yes,0.471,0.471
E9,/d/,ride,1,0.062,0.072,0.293,yes,1,ride,no,no,yes,no,no,no,yes,0.509,0.509
E9,/d/,ride,2,0.066,0.019,0.292,yes,1,ride,no,no,yes,no,no,no,yes,0.447,0.447
E9,/d/,ride,3,0.097,0.045,0.221,yes,1,ride,no,no,yes,no,no,no,yes,0.435,0.435
E9,/d/,rod,1,0.022,0.06,0.207,yes,1,rod,no,no,yes,no,no,no,no,0.399,0.399
E9,/d/,rod,2,0.104,0.053,0.217,yes,1,rod,no,no,yes,no,no,no,no,0.476,0.476
E9,/d/,rod,3,0.12,0.038,0.252,yes,1,rod,no,no,yes,no,no,no,no,0.476,0.476
E9,/d/,rode,1,0.161,0.03,0.199,yes,1,rode,no,no,yes,no,no,no,no,0.526,0.526
E9,/d/,rode,2,0.093,0.035,0.2,yes,1,rode,no,no,yes,no,no,no,no,0.492,0.492
E9,/d/,rode,3,0.149,0.034,0.17,yes,1,rode,no,no,yes,no,no,no,no,0.525,0.525
E9,/d/,sad,1,0.067,0.058,0.28,yes,1,sad,no,no,no,no,no,no,no,0.549,0.549
E9,/d/,sad,2,0.108,0.058,0.268,yes,1,sad,no,no,no,no,no,no,no,0.594,0.594
E9,/d/,sad,3,0.096,0.051,0.269,yes,1,sad,no,no,no,no,no,no,no,0.572,0.572
E9,/d/,said,1,0.032,0.066,0.186,yes,1,said,no,no,no,no,no,no,no,0.463,0.463
E9,/d/,said,2,0.051,0.05,0.182,yes,1,said,no,no,no,no,no,no,no,0.462,0.462
E9,/d/,said,3,0.049,0.054,0.176,yes,1,said,no,no,no,no,no,no,no,0.453,0.453
E9,/d/,slide,1,0.014,0.046,0.282,yes,1,slide,no,no,no,no,no,no,yes,0.593,0.593
E9,/d/,slide,2,0.046,0.051,0.227,yes,1,slide,no,no,no,no,no,no,yes,0.63,0.63
E9,/d/,slide,3,0.087,0.043,0.222,yes,1,slide,no,no,no,no,no,no,yes,0.579,0.579
E9,/t/,soot,1,0.058,0.133,0.126,yes,1,soot,no,no,no,no,no,no,no,0.551,0.551